time,86,87,88,89,90,91,92,93,94,95,96,97,98,99,100,101,102,103,104,105,106,107,108,109,110,111,112,113,114,115,116,117,118,119,120,121,122,123,124,125,126,127,128,129,130,131,132,133,134,135,136,137,138,139,140,141,142,143,144,145,146,147,148,149,150,151,152,153,154,155,156,157,158,159,160,161,162,163,164,165,166,167,168,169,170,171,172,173,174,175,176,177,178,179,180,181,182,183,184,185,186,187,188,189,190,191,192,193,194,195,196,197,198,199,200,201,202,203,204,205,206,207,208,209,210,211,212,213,214,215,216,217,218,219,220,221,222,223,224,225,226,227,228,229,230,231,232,233,234,235,236,237,238,239,240,241,242,243,244,245,246,247,248,249,250,251,252,253,254,255,256,257,258,259,260,261,262,263,264,265,266,267,268,269,270,271,272,273,274,275,276,277,278,279,280,281,282,283,284,285,286,287,288,289,290,291,292,293,294,295,296,297,298,299,300,301,302,303,304,305,306,307,308,309,310,311,312,313,314,315,316,317,318,319,320,321,322,323,324,325,326,327,328,329,330,331,332,333,334,335,336,337,338,339,340,341,342,343,344,345,346,347,348,349,350,351,352,353,354,355,356,357,358,359,360,361,362,363,364,365,366,367,368,369,370,371,372,373,374,375,376,377,378,379,380,381,382,383,384,385,386,387,388,389,390,391,392,393,394,395,396,397,398,399,400,401,402,403,404,405,406,407,408,409,410,411,412,413,414,415,416,417,418,419,420,421,422,423,424,425,426,427,428,429,430,431,432,433,434,435,436,437,438,439,440,441,442,443,444,445,446,447,448,449,450,451,452,453,454,455,456,457,458,459,460,461,462,463,464,465,466,467,468,469,470,471,472,473,474,475,476,477,478,479,480,481,482,483,484,485,486,487,488,489,490,491,492,493,494,495,496,497,498,499,500,501,502,503,504,505,506,507,508,509,510,511,512,513,514,515,516,517,518,519,520,521,522,523,524,525,526,527,528,529,530,531,532,533,534,535,
0,s,S,S,S,S,S,S,S,E,S,S,S,S,S,S,S,E,S,S,S,S,S,S,S,S,S,S,S,S,S,E,S,S,S,S,S,S,S,,S,S,S,S,S,S,E,S,S,S,S,S,S,E,S,S,S,E,S,S,S,S,S,S,S,S,S,S,S,S,S,S,S,S,S,S,S,S,S,S,S,S,S,S,S,S,S,S,S,S,S,S,S,S,S,S,S,S,S,S,S,S,S,S,S,S,S,S,S,S,S,S,S,S,S,S,S,S,S,S,S,S,S,S,S,S,S,S,S,S,S,S,S,S,S,S,S,S,S,S,S,S,S,S,S,S,S,S,,S,S,S,S,S,S,S,S,S,S,S,S,S,S,S,S,S,S,S,S,S,S,S,S,S,S,S,S,S,S,S,S,S,S,S,S,S,S,S,S,S,S,S,S,S,S,S,S,S,S,S,S,S,S,S,S,S,S,S,S,S,S,S,S,S,S,S,S,S,S,S,S,S,S,S,S,S,S,S,S,S,S,S,S,S,S,S,S,S,S,S,S,S,S,S,S,S,S,S,S,S,S,S,S,S,S,S,S,S,S,S,S,S,S,S,S,S,S,S,S,S,S,S,S,S,S,S,S,S,S,S,S,S,S,S,S,S,S,S,S,S,S,S,S,S,S,S,S,S,S,S,S,S,S,S,S,S,S,S,S,S,S,S,S,S,S,S,S,S,S,S,S,S,S,S,S,S,S,S,S,S,S,S,S,S,S,S,S,S,S,S,S,S,S,S,S,S,S,S,S,S,S,S,S,S,S,S,S,S,S,S,S,S,S,S,S,S,S,S,S,S,S,S,S,S,S,S,S,S,S,S,S,S,S,S,S,S,S,S,S,S,S,S,S,S,S,S,S,S,S,S,S,S,S,S,S,S,S,S,S,S,S,S,S,S,S,S,S,S,S,S,S,S,S,S,S,S,S,S,S,S,S,S,S,S,S,S,S,S,S,S,S,S,S,S,S,S,S,S,S,S,S,
0.25,s,S,S,S,S,S,S,S,S,S,S,S,S,S,S,S,S,S,S,S,S,S,S,S,S,S,S,S,,S,S,S,S,S,S,S,S,S,E,S,S,S,S,S,S,S,,S,S,E,S,S,S,S,S,S,S,S,S,S,,S,S,S,S,S,S,S,S,S,S,S,S,S,S,S,S,S,S,S,S,S,S,S,S,S,S,S,S,S,S,S,S,S,S,S,S,S,S,S,S,S,S,S,S,S,S,S,S,S,S,S,S,S,S,S,S,S,S,S,S,S,S,S,S,S,S,S,S,S,S,S,S,S,S,S,S,S,S,S,S,S,S,S,S,S,S,S,S,S,S,S,S,S,S,S,S,S,S,S,S,S,S,S,S,S,S,S,S,S,S,S,S,S,S,S,S,S,S,S,S,S,S,S,S,S,S,S,S,S,S,S,S,S,S,S,S,S,S,S,S,S,S,S,S,S,S,S,S,S,S,S,S,S,S,S,S,S,S,S,S,S,S,S,S,S,S,S,S,S,S,S,S,S,S,S,S,S,S,S,S,S,S,S,S,S,S,S,S,S,S,S,S,S,S,S,S,S,S,S,S,S,S,S,S,S,S,S,S,S,S,S,S,S,S,S,S,S,S,S,S,S,S,S,S,S,S,S,S,S,S,S,S,S,S,S,S,S,S,S,S,S,S,S,S,S,S,S,S,S,S,S,S,S,S,S,S,S,S,S,S,S,S,S,S,S,S,S,S,S,S,S,S,S,S,S,S,S,S,S,S,S,S,S,S,S,S,S,S,S,S,S,S,S,S,S,S,S,S,S,S,S,S,S,S,S,S,S,S,S,S,S,S,S,S,S,S,S,S,S,S,S,S,S,S,S,S,S,S,S,S,S,S,S,S,S,S,S,S,S,S,S,S,S,S,S,S,S,S,S,S,S,S,S,S,S,S,S,S,S,S,S,S,S,S,S,S,S,S,S,S,S,S,S,S,S,S,S,S,S,S,S,S,S,S,S,S,S,S,S,
0.5,s,S,S,S,S,S,S,S,S,S,S,S,S,S,S,S,S,S,S,S,S,S,S,S,S,S,S,S,E,S,S,S,S,E,S,E,S,S,,S,S,S,S,S,S,S,E,S,S,S,S,S,S,S,S,S,S,S,S,S,E,S,S,S,S,E,S,S,S,S,S,S,S,S,S,S,S,S,S,S,S,S,S,S,S,S,S,S,S,S,S,S,S,S,S,S,S,S,S,S,S,S,S,S,S,S,S,S,S,S,S,S,S,S,S,S,S,S,S,S,S,S,S,S,S,S,S,S,S,S,S,S,S,S,S,S,S,S,S,S,S,S,S,S,S,S,S,S,S,S,S,S,S,S,S,S,S,S,S,S,S,S,S,S,S,S,S,S,S,S,S,S,S,S,S,S,S,S,S,S,S,S,S,S,S,S,S,S,S,S,S,S,S,S,S,S,S,S,S,S,S,S,S,S,S,S,S,S,S,S,S,S,S,S,S,S,S,S,S,S,S,S,S,S,S,S,S,S,S,S,S,S,S,S,S,S,S,S,S,S,S,S,S,S,S,S,S,S,S,S,S,S,S,S,S,S,S,S,S,S,S,S,S,S,S,S,S,S,S,S,S,S,S,S,S,S,S,S,S,S,S,S,S,S,S,S,S,S,S,S,S,S,S,S,S,S,S,S,S,S,S,S,S,S,S,S,S,S,S,S,S,S,S,S,S,S,S,S,S,S,S,S,S,S,S,S,S,S,S,S,S,S,S,S,S,S,S,S,S,S,S,S,S,S,S,S,S,S,S,S,S,S,S,S,S,S,S,S,S,S,S,S,S,S,S,S,S,S,S,S,S,S,S,S,S,S,S,S,S,S,S,S,S,S,S,S,S,S,S,S,S,S,S,S,S,S,S,S,S,S,S,S,S,S,S,S,S,S,S,S,S,S,S,S,S,S,S,S,S,S,S,S,S,S,S,S,S,S,S,S,S,S,S,S,S,S,S,S,S,S,S,S,S,S,S,S,S,S,S,S,
0.75,s,S,S,S,S,S,S,S,S,S,S,S,,S,S,S,S,S,E,S,S,S,S,S,S,S,S,S,S,,S,S,,,S,S,S,S,S,S,S,,S,E,S,S,,S,S,S,S,S,S,S,S,S,S,S,S,S,,S,S,S,,S,S,S,S,S,S,S,S,S,S,S,S,S,S,S,S,S,S,S,S,S,S,S,S,S,S,S,S,S,S,S,S,S,S,S,S,S,S,S,S,S,S,S,S,S,S,S,S,S,S,S,S,S,S,S,S,S,S,S,S,S,S,S,S,S,S,S,S,S,S,S,S,S,S,S,S,S,S,S,S,S,S,S,S,S,S,S,S,S,S,S,S,S,S,S,S,S,S,S,S,S,S,S,S,S,S,S,S,S,S,S,S,S,S,S,S,S,S,S,S,S,S,S,S,S,S,S,S,S,S,S,S,S,S,S,S,S,S,S,S,S,S,S,S,S,S,S,S,S,S,S,S,S,S,S,S,S,S,S,S,S,S,S,S,S,S,S,S,S,S,S,S,S,S,S,S,S,S,S,S,S,S,S,S,S,S,S,S,S,S,S,S,S,S,S,S,S,S,S,S,S,S,S,S,S,S,S,S,S,S,S,S,S,S,S,S,S,S,S,S,S,S,S,S,S,S,S,S,S,S,S,S,S,S,S,S,S,S,S,S,S,S,S,S,S,S,S,S,S,S,S,S,S,S,S,S,S,S,S,S,S,S,S,S,S,S,S,S,S,S,S,S,S,S,S,S,S,S,S,S,S,S,S,S,S,S,S,S,S,S,S,S,S,S,S,S,S,S,S,S,S,S,S,S,S,S,S,S,S,S,S,S,S,S,S,S,S,S,S,S,S,S,S,S,S,S,S,S,S,S,S,S,S,S,S,S,S,S,S,S,S,S,S,S,S,S,S,S,S,S,S,S,S,S,S,S,S,S,S,S,S,S,S,S,S,S,S,S,S,S,S,S,S,S,S,S,S,S,S,S,S,S,S,S,S,
1,s,S,S,S,S,S,S,S,S,E,S,S,E,S,S,S,S,S,S,S,S,S,S,S,S,S,S,S,S,E,S,S,E,,S,S,E,S,S,S,S,E,S,S,S,S,,S,S,S,S,S,S,S,S,S,S,S,S,S,,S,S,S,E,S,S,S,S,S,S,S,S,S,S,S,S,S,S,S,S,S,S,S,S,S,S,S,S,S,S,S,S,S,S,S,S,S,S,S,S,S,S,S,S,S,S,S,S,S,S,S,S,S,S,S,S,S,S,S,S,S,S,S,S,S,S,S,S,S,S,S,S,S,S,S,S,S,S,S,S,S,S,S,S,S,S,S,S,S,S,S,S,S,S,S,S,S,S,S,S,S,S,S,S,S,S,S,S,S,S,S,S,S,S,S,S,S,S,S,S,S,S,S,S,S,S,S,S,S,S,S,S,S,S,S,S,S,S,S,S,S,S,S,S,S,S,S,S,S,S,S,S,S,S,S,S,S,S,S,S,S,S,S,S,S,S,S,S,S,S,S,S,S,S,S,S,S,S,S,S,S,S,S,S,S,S,S,S,S,S,S,S,S,S,S,S,S,S,S,S,S,S,S,S,S,S,S,S,S,S,S,S,S,S,S,S,S,S,S,S,S,S,S,S,S,S,S,S,S,S,S,S,S,S,S,S,S,S,S,S,S,S,S,S,S,S,S,S,S,S,S,S,S,S,S,S,S,S,S,S,S,S,S,S,S,S,S,S,S,S,S,S,S,S,S,S,S,S,S,S,S,S,S,S,S,S,S,S,S,S,S,S,S,S,S,S,S,S,S,S,S,S,S,S,S,S,S,S,S,S,S,S,S,S,S,S,S,S,S,S,S,S,S,S,S,S,S,S,S,S,S,S,S,S,S,S,S,S,S,S,S,S,S,S,S,S,S,S,S,S,S,S,S,S,S,S,S,S,S,S,S,S,S,S,S,S,S,S,S,S,S,S,S,S,S,S,S,S,S,S,S,S,S,S,S,S,S,S,S,
1.25,s,S,S,S,S,S,S,S,S,S,S,S,S,S,S,S,S,S,E,S,S,S,S,S,S,S,S,S,S,S,S,S,S,,S,S,,S,S,S,S,S,S,S,S,S,S,S,S,S,S,S,S,S,S,S,,S,S,S,S,S,S,,S,S,S,S,S,S,S,S,S,S,,S,S,S,S,S,S,S,S,S,S,S,S,S,S,S,S,S,S,S,S,S,S,S,S,S,S,S,S,S,S,S,S,S,S,S,S,S,S,S,S,S,S,S,S,S,S,S,S,S,S,S,S,S,S,S,S,S,S,S,S,S,S,S,S,S,S,S,S,S,S,S,S,S,S,S,S,S,S,S,S,S,S,S,S,S,S,S,S,S,,S,S,S,S,S,S,S,S,S,S,S,S,S,S,S,S,S,S,S,S,S,S,S,S,S,S,S,S,S,S,S,S,S,S,S,S,S,S,S,S,S,S,S,S,S,S,S,S,S,S,S,S,S,S,S,S,S,S,S,S,S,S,S,S,S,S,S,S,S,S,S,S,S,S,S,S,S,S,S,S,S,S,S,S,S,S,S,S,S,S,S,S,S,S,S,S,S,S,S,S,S,S,S,S,S,S,S,S,S,S,S,S,S,S,S,S,S,S,S,S,S,S,S,S,S,S,S,S,S,S,S,S,S,S,S,S,S,S,S,S,S,S,S,S,S,S,S,S,S,S,S,S,S,S,S,S,S,S,S,S,S,S,S,S,S,S,S,S,S,S,S,S,S,S,S,S,S,S,S,S,S,S,S,S,S,S,S,S,S,S,S,S,S,S,S,S,S,S,S,S,S,S,S,S,S,S,S,S,S,S,S,S,S,S,S,S,S,S,S,S,S,S,S,S,S,S,S,S,S,S,S,S,S,S,S,S,S,S,S,S,S,S,S,S,S,S,S,S,S,S,S,S,S,S,S,S,S,S,S,S,S,S,S,S,S,S,S,S,S,S,S,S,S,S,S,S,S,S,S,S,S,S,S,S,S,
1.5,s,S,S,S,S,S,S,S,S,S,S,S,S,S,S,S,S,S,S,S,S,S,S,S,S,S,S,S,S,S,S,S,S,S,S,S,S,S,S,S,S,S,S,,S,S,S,S,S,S,S,S,S,S,S,S,S,S,S,S,S,S,S,E,S,S,S,,S,S,S,S,S,S,E,S,S,S,S,S,S,S,S,S,S,S,S,S,S,S,S,S,S,S,S,S,S,S,S,S,S,S,S,S,S,S,S,S,S,S,S,S,S,S,S,S,S,S,S,S,S,S,S,S,S,S,S,S,S,S,S,S,S,S,S,S,S,S,S,S,S,S,S,S,S,S,S,S,S,S,S,S,S,S,S,S,S,S,S,S,S,S,S,S,,S,S,S,S,S,S,S,S,S,S,S,S,S,S,S,S,S,S,S,S,S,S,S,S,S,S,S,S,S,S,S,S,S,S,S,S,S,S,S,S,S,S,S,S,S,S,S,S,S,S,S,S,S,S,S,S,S,S,S,S,S,S,S,S,S,S,S,S,S,S,S,S,S,S,S,S,S,S,S,S,S,S,S,S,S,S,S,S,S,S,S,S,S,S,S,S,S,S,S,S,S,S,S,S,S,S,S,S,S,S,S,S,S,S,S,S,S,S,S,S,S,S,S,S,S,S,S,S,S,S,S,S,S,S,S,S,S,S,S,S,S,S,S,S,S,S,S,S,S,S,S,S,S,S,S,S,S,S,S,S,S,S,S,S,S,S,S,S,S,S,S,S,S,S,S,S,S,S,S,S,S,S,S,S,S,S,S,S,S,S,S,S,S,S,S,S,S,S,S,S,S,S,S,S,S,S,S,S,S,S,S,S,S,S,S,S,S,S,S,S,S,S,S,S,S,S,S,S,S,S,S,S,S,S,S,S,S,S,S,S,S,S,S,S,S,S,S,S,S,S,S,S,S,S,S,S,S,S,S,S,S,S,S,S,S,S,S,S,S,S,S,S,S,S,S,S,S,S,S,S,S,S,S,S,S,
1.75,e,S,S,S,S,S,S,S,S,S,S,S,S,S,S,S,S,S,S,S,S,S,S,S,S,S,S,S,S,S,S,S,S,S,S,S,S,S,S,S,S,S,S,S,S,S,S,S,S,S,S,S,S,S,S,S,S,S,S,S,S,S,S,S,S,S,,E,S,S,S,S,S,S,S,S,S,S,S,S,S,S,S,S,S,S,S,S,S,S,S,S,S,S,S,S,S,S,S,S,S,S,S,S,S,S,S,S,S,S,S,S,S,S,S,S,S,S,S,S,S,S,S,S,S,S,S,S,S,S,S,S,S,S,S,S,S,S,S,S,S,S,S,S,S,S,S,S,S,S,S,S,S,S,S,S,S,S,S,S,S,S,S,S,,S,S,S,S,S,S,S,S,S,S,S,S,S,S,S,S,S,S,S,S,S,S,S,S,S,S,S,S,S,S,S,S,S,S,S,S,S,S,S,S,S,S,S,S,S,S,S,S,S,S,S,S,S,S,S,S,S,S,S,S,S,S,S,S,S,S,S,S,S,S,S,S,S,S,S,S,S,S,S,S,S,S,S,S,S,S,S,S,S,S,S,S,S,S,S,S,S,S,S,S,S,S,S,S,S,S,S,S,S,S,S,S,S,S,S,S,S,S,S,S,S,S,S,S,S,S,S,S,S,S,S,S,S,S,S,S,S,S,S,S,S,S,S,S,S,S,S,S,S,S,S,S,S,S,S,S,S,S,S,S,S,S,S,S,S,S,S,S,S,S,S,S,S,S,S,S,S,S,S,S,S,S,S,S,S,S,S,S,S,S,S,S,S,S,S,S,S,S,S,S,S,S,S,S,S,S,S,S,S,S,S,S,S,S,S,S,S,S,S,S,S,S,S,S,S,S,S,S,S,S,S,S,S,S,S,S,S,S,S,S,S,S,S,S,S,S,S,S,S,S,S,S,S,S,S,S,S,S,S,S,S,S,S,S,S,S,S,S,S,S,S,S,S,S,S,S,S,S,S,S,S,S,S,S,S,
2,,S,S,S,S,S,S,S,S,S,S,S,S,S,S,S,S,S,S,S,S,S,S,S,S,S,S,S,S,S,S,S,S,S,S,S,S,S,S,S,S,S,S,S,S,S,E,S,S,S,S,E,S,S,S,S,S,S,S,S,S,S,S,S,S,S,E,S,S,S,S,S,S,S,S,S,S,S,S,S,S,S,S,S,S,S,S,S,S,S,S,S,S,S,S,S,S,S,S,S,S,S,S,S,S,S,S,S,S,S,S,S,S,S,S,S,S,S,S,S,S,S,S,S,S,S,S,S,S,S,S,S,S,S,S,S,S,S,S,S,S,S,S,S,S,S,S,S,S,S,S,S,S,S,S,S,S,S,S,S,S,S,S,S,S,S,S,S,S,S,S,S,S,S,S,S,S,S,S,S,S,S,S,S,S,S,S,S,S,S,S,S,S,S,S,S,S,S,S,S,S,S,S,S,S,S,S,S,S,S,S,S,S,S,S,S,S,S,S,S,S,S,S,S,S,S,S,S,S,S,S,S,S,S,S,S,S,S,S,S,S,S,S,S,S,S,S,S,S,S,S,S,S,S,S,S,S,S,S,S,S,S,S,S,S,S,S,S,S,S,S,S,S,S,S,S,S,S,S,S,S,S,S,S,S,S,S,S,S,S,S,S,S,S,S,S,S,S,S,S,S,S,S,S,S,S,S,S,S,S,S,S,S,S,S,S,S,S,S,S,S,S,S,S,S,S,S,S,S,S,S,S,S,S,S,S,S,S,S,S,S,S,S,S,S,S,S,S,S,S,S,S,S,S,S,S,S,S,S,S,S,S,S,S,S,S,S,S,S,S,S,S,S,S,S,S,S,S,S,S,S,S,S,S,S,S,S,S,S,S,S,S,S,S,S,S,S,S,S,S,S,S,S,S,S,S,S,S,S,S,S,S,S,S,S,S,S,S,S,S,S,S,S,S,S,S,S,S,S,S,S,S,S,S,S,S,S,S,S,S,S,S,S,S,S,S,S,S,S,S,
2.25,s,S,S,S,S,S,S,S,S,S,S,S,S,S,S,S,S,S,S,S,S,S,S,S,S,S,S,S,S,,S,S,S,S,S,S,S,S,S,S,S,S,S,S,S,S,S,S,S,S,S,,S,S,S,S,S,S,S,S,S,S,S,S,S,S,,S,S,S,,S,S,S,S,S,S,S,S,S,S,S,S,S,S,S,S,S,S,S,S,S,S,S,S,S,S,S,S,S,S,S,S,S,S,S,S,S,S,S,S,S,S,S,S,S,S,S,S,S,S,S,S,S,S,S,S,S,S,S,S,S,S,S,S,S,S,S,S,S,S,S,S,S,S,S,S,S,S,S,S,S,S,S,S,S,S,S,S,S,S,S,S,S,S,S,S,S,S,S,S,S,S,S,S,S,S,S,S,S,S,S,S,S,S,S,S,S,S,S,S,S,S,S,S,S,S,S,S,S,S,S,S,S,S,S,S,S,S,S,S,S,S,S,S,S,S,S,S,S,S,S,S,S,S,S,S,S,S,S,S,S,S,S,S,S,S,S,S,S,S,S,S,S,S,S,S,S,S,S,S,S,S,S,S,S,S,S,S,S,S,S,S,S,S,S,S,S,S,S,S,S,S,S,S,S,S,S,S,S,S,S,S,S,S,S,S,S,S,S,S,S,S,S,S,S,S,S,S,S,S,S,S,S,S,S,S,S,S,S,S,S,S,S,S,S,S,S,S,S,S,S,S,S,S,S,S,S,S,S,S,S,S,S,S,S,S,S,S,S,S,S,S,S,S,S,S,S,S,S,S,S,S,S,S,S,S,S,S,S,S,S,S,S,S,S,S,S,S,S,S,S,S,S,S,S,S,S,S,S,S,S,S,S,S,S,S,S,S,S,S,S,S,S,S,S,S,S,S,S,S,S,S,S,S,S,S,S,S,S,S,S,S,S,S,S,S,S,S,S,S,S,S,S,S,S,S,S,S,S,S,S,S,S,S,S,S,S,S,S,S,S,S,S,S,S,S,S,S,S,
2.5,s,E,S,S,S,S,S,,S,S,S,S,S,S,S,S,S,,S,S,E,S,S,S,S,S,S,S,S,E,S,S,S,S,S,S,S,S,,S,S,S,S,S,S,S,S,S,S,S,S,S,S,S,S,S,S,S,S,S,S,S,S,S,S,S,,S,S,S,E,S,S,S,S,S,S,S,S,S,S,S,S,S,S,S,S,S,S,S,S,S,S,S,S,S,S,S,S,S,S,S,S,S,S,S,S,S,S,S,S,S,S,S,S,S,S,S,S,S,S,S,S,S,S,S,S,S,S,S,S,S,S,S,S,S,S,S,S,S,S,S,S,S,S,S,S,S,S,S,S,S,S,S,S,S,S,S,S,S,S,S,S,S,S,S,S,S,S,S,S,S,S,S,S,S,S,S,S,S,S,S,S,S,S,S,S,S,S,S,S,S,S,S,S,S,S,S,S,S,S,S,S,S,S,S,S,S,S,S,S,S,S,S,S,S,S,S,S,S,S,S,S,S,S,S,S,S,S,S,S,S,S,S,S,S,S,S,S,S,S,S,S,S,S,S,S,S,S,S,S,S,S,S,S,S,S,S,S,S,S,S,S,S,S,S,S,S,S,S,S,S,S,S,S,S,S,S,S,S,S,S,S,S,S,S,S,S,S,S,S,S,S,S,S,S,S,S,S,S,S,S,S,S,S,S,S,S,S,S,S,S,S,S,S,S,S,S,S,S,S,S,S,S,S,S,S,S,S,S,S,S,S,S,S,S,S,S,S,S,S,S,S,S,S,S,S,S,S,S,S,S,S,S,S,S,S,S,S,S,S,S,S,S,S,S,S,S,S,S,S,S,S,S,S,S,S,S,S,S,S,S,S,S,S,S,S,S,S,S,S,S,S,S,S,S,S,S,S,S,S,S,S,S,S,S,S,S,S,S,S,S,S,S,S,S,S,S,S,S,S,S,S,S,S,S,S,S,S,S,S,S,S,S,S,S,S,S,S,S,S,S,S,S,S,S,S,S,S,S,
2.75,s,,S,S,S,S,S,E,S,S,S,S,S,S,S,S,S,E,S,S,S,,S,S,S,,S,S,S,S,S,S,S,S,S,S,S,S,S,S,S,S,S,S,,S,S,S,S,S,S,S,S,S,,,S,S,S,S,S,S,,S,S,,S,S,S,S,S,S,S,S,S,S,S,S,S,S,S,S,S,S,S,S,S,S,S,S,S,S,S,S,S,S,S,S,S,S,S,S,S,S,S,S,S,S,S,S,S,S,S,S,S,S,S,S,S,S,S,S,S,S,S,S,S,S,S,S,S,S,S,S,S,S,S,S,S,S,S,S,S,S,S,S,S,S,S,S,S,S,S,S,S,S,S,S,S,S,S,S,S,S,S,S,S,S,S,S,S,S,S,S,S,S,S,S,S,S,S,S,S,S,S,S,S,S,S,S,S,S,S,S,S,S,S,S,S,S,S,S,S,S,S,S,S,S,S,S,S,S,S,S,S,S,S,S,S,S,S,S,S,S,S,S,S,S,S,S,S,S,S,S,S,S,S,S,S,S,S,S,S,S,S,S,S,S,S,S,S,S,S,S,S,S,S,S,S,S,S,S,S,S,S,S,S,S,S,S,S,S,S,S,S,S,S,S,S,S,S,S,S,S,S,S,S,S,S,S,S,S,S,S,S,S,S,S,S,S,S,S,S,S,S,S,S,S,S,S,S,S,S,S,S,S,S,S,S,S,S,S,S,S,S,S,S,S,S,S,S,S,S,S,S,S,S,S,S,S,S,S,S,S,S,S,S,S,S,S,S,S,S,S,S,S,S,S,S,S,S,S,S,S,S,S,S,S,S,S,S,S,S,S,S,S,S,S,S,S,S,S,S,S,S,S,S,S,S,S,S,S,S,S,S,S,S,S,S,S,S,S,S,S,S,S,S,S,S,S,S,S,S,S,S,S,S,S,S,S,S,S,S,S,S,S,S,S,S,S,S,S,S,S,S,S,S,S,S,S,S,S,S,S,S,S,S,S,S,S,
3,s,S,S,S,S,S,S,S,S,S,S,S,S,S,S,S,S,S,,S,S,E,S,S,S,E,S,S,S,S,S,S,S,S,S,S,S,E,S,,S,S,S,,E,S,S,S,,S,S,S,S,S,E,E,S,S,S,,,S,E,S,S,E,S,S,S,S,S,S,S,S,S,S,S,S,S,S,S,S,S,S,S,S,S,S,S,S,S,S,S,S,S,S,S,S,S,S,S,S,S,S,S,S,S,S,S,S,S,S,S,S,S,S,S,S,S,S,S,S,S,S,S,S,S,S,S,S,S,S,S,S,S,S,S,S,S,S,S,S,S,S,S,S,S,S,S,S,S,S,S,S,S,S,S,S,S,S,S,S,S,S,S,S,S,S,S,S,S,S,S,S,S,S,S,S,S,S,S,S,S,S,S,S,S,S,S,S,S,S,S,S,S,S,S,S,S,S,S,S,S,S,S,S,S,S,S,S,S,S,S,S,S,S,S,S,S,S,S,S,S,S,S,S,S,S,S,S,S,S,S,S,S,S,S,S,S,S,S,S,S,S,S,S,S,S,S,S,S,S,S,S,S,S,S,S,S,S,S,S,S,S,S,S,S,S,S,S,S,S,S,S,S,S,S,S,S,S,S,S,S,S,S,S,S,S,S,S,S,S,S,S,S,S,S,S,S,S,S,S,S,S,S,S,S,S,S,S,S,S,S,S,S,S,S,S,S,S,S,S,S,S,S,S,S,S,S,S,S,S,S,S,S,S,S,S,S,S,S,S,S,S,S,S,S,S,S,S,S,S,S,S,S,S,S,S,S,S,S,S,S,S,S,S,S,S,S,S,S,S,S,S,S,S,S,S,S,S,S,S,S,S,S,S,S,S,S,S,S,S,S,S,S,S,S,S,S,S,S,S,S,S,S,S,S,S,S,S,S,S,S,S,S,S,S,S,S,S,S,S,S,S,S,S,S,S,S,S,S,S,S,S,S,S,S,S,S,S,S,S,S,S,S,S,S,S,S,S,
3.25,s,S,S,S,S,S,,S,S,S,S,S,S,,S,S,S,S,S,S,S,S,,S,S,S,,S,S,S,S,S,S,S,S,S,S,,S,E,S,S,E,S,S,S,S,S,E,S,S,S,S,S,,S,S,,S,E,,,S,S,S,S,S,S,,,S,S,S,S,S,S,S,S,S,S,S,S,S,S,S,S,S,S,S,S,S,S,S,S,S,S,S,S,S,S,S,S,S,S,S,S,S,S,S,S,S,S,S,S,S,S,S,S,S,S,S,S,S,S,S,S,S,S,S,S,S,S,S,S,S,S,S,S,S,S,S,S,S,S,S,S,S,S,S,S,S,S,S,S,S,S,S,S,S,S,S,S,S,S,S,S,S,S,S,S,S,S,S,S,S,S,S,S,S,S,S,S,S,S,S,S,S,S,S,S,S,S,S,S,S,S,S,S,S,S,S,S,S,S,S,S,S,S,S,S,S,S,S,S,S,S,S,S,S,S,S,S,S,S,S,S,S,S,S,S,S,S,S,S,S,S,S,S,S,S,S,S,S,S,S,S,S,S,S,S,S,S,S,S,S,S,S,S,S,S,S,S,S,S,S,S,S,S,S,S,S,S,S,S,S,S,S,S,S,S,S,S,S,S,S,S,S,S,S,S,S,S,S,S,S,S,S,S,S,S,S,S,S,S,S,S,S,S,S,S,S,S,S,S,S,S,S,S,S,S,S,S,S,S,S,S,S,S,S,S,S,S,S,S,S,S,S,S,S,S,S,S,S,S,S,S,S,S,S,S,S,S,S,S,S,S,S,S,S,S,S,S,S,S,S,S,S,S,S,S,S,S,S,S,S,S,S,S,S,S,S,S,S,S,S,S,S,S,S,S,S,S,S,S,S,S,S,S,S,S,S,S,S,S,S,S,S,S,S,S,S,S,S,S,S,S,S,S,S,S,S,S,S,S,S,S,S,S,S,S,S,S,S,S,S,S,S,S,S,S,S,S,S,S,S,S,S,S,S,S,
3.5,s,S,S,S,S,S,E,S,,S,S,S,S,E,S,S,S,S,S,S,S,S,E,,S,S,E,S,S,S,S,S,S,S,S,S,S,S,S,,S,S,,E,S,S,S,S,,S,,S,S,E,S,S,S,E,S,,E,E,S,S,S,S,S,S,E,E,S,S,S,S,S,S,S,S,S,S,S,S,S,S,S,S,S,S,S,S,S,S,S,S,S,S,S,S,S,S,S,S,S,S,S,S,S,S,S,S,S,S,S,S,S,S,S,S,S,S,S,S,S,S,S,S,S,S,S,S,S,S,S,S,S,S,S,S,S,S,S,S,S,S,S,S,S,S,S,S,S,S,S,S,S,S,S,S,S,S,S,S,S,S,S,S,S,S,S,S,S,S,S,S,S,S,S,S,S,S,S,S,S,S,S,S,S,S,S,S,S,S,S,S,S,S,S,S,S,S,S,S,S,S,S,S,S,S,S,S,S,S,S,S,S,S,S,S,S,S,S,S,S,S,S,S,S,S,S,S,S,S,S,S,S,S,S,S,S,S,S,S,S,S,S,S,S,S,S,S,S,S,S,S,S,S,S,S,S,S,S,S,S,S,S,S,S,S,S,,S,S,S,S,S,S,S,S,S,S,S,S,S,S,S,S,S,S,S,S,S,S,S,S,S,S,S,S,S,S,S,S,S,S,S,S,S,S,S,S,S,S,S,S,S,S,S,S,S,S,S,S,S,S,S,S,S,S,S,S,S,S,S,S,S,S,S,S,S,S,S,S,S,S,S,S,S,S,S,S,S,S,S,S,S,S,S,S,S,S,S,S,S,S,S,S,S,S,S,S,S,S,S,S,S,S,S,S,S,S,S,S,S,S,S,S,S,S,S,S,S,S,S,S,S,S,S,S,S,S,S,S,S,S,S,S,S,S,S,S,S,S,S,S,S,S,S,S,S,S,S,S,S,S,S,S,S,S,S,S,S,S,S,S,S,S,S,S,S,S,S,S,S,S,S,S,S,S,S,S,
3.75,s,S,S,S,S,S,,S,,S,S,S,S,S,S,S,S,S,S,S,S,S,,E,S,S,,S,S,S,S,S,S,S,S,S,S,,S,S,S,S,,S,S,S,S,S,S,S,E,S,S,S,S,S,S,,S,,S,S,S,S,S,S,S,S,S,,S,S,,S,S,S,S,S,S,S,S,S,S,S,S,S,S,S,S,S,S,S,S,S,S,S,S,S,S,S,S,S,S,S,S,S,S,S,S,S,S,S,S,S,S,S,S,S,S,S,S,S,S,S,S,S,S,S,S,S,S,S,S,S,S,S,S,S,S,S,S,S,S,S,S,S,S,S,S,S,S,S,S,S,S,S,S,S,S,S,S,S,S,S,S,S,S,S,S,S,S,S,S,S,S,S,S,S,S,S,S,S,S,S,S,S,S,S,S,S,S,S,S,S,S,S,S,S,S,S,S,S,S,S,S,S,S,S,S,S,S,S,S,S,S,S,S,S,S,S,S,S,S,S,S,S,S,S,S,S,S,S,S,S,S,S,S,S,S,S,S,S,S,S,S,S,S,S,S,S,S,S,S,S,S,S,S,S,S,S,S,S,S,S,S,S,S,S,S,,S,S,S,S,S,S,S,S,S,S,S,S,S,S,S,S,S,S,S,S,S,S,S,S,S,S,S,S,S,S,S,S,S,S,S,S,S,S,S,S,S,S,S,S,S,S,S,S,S,S,S,S,S,S,S,S,S,S,S,S,S,S,S,S,S,S,S,S,S,S,S,S,S,S,S,S,S,S,S,S,S,S,S,S,S,S,S,S,S,S,S,S,S,S,S,S,S,S,S,S,S,S,S,S,S,S,S,S,S,S,S,S,S,S,S,S,S,S,S,S,S,S,S,S,S,S,S,S,S,S,S,S,S,S,S,S,S,S,S,S,S,S,S,S,S,S,S,S,S,S,S,S,S,S,S,S,S,S,S,S,S,S,S,S,S,S,S,S,S,S,S,S,S,S,S,S,S,S,S,S,
4,s,S,S,S,S,,S,,E,S,S,S,S,S,S,S,E,S,S,S,S,S,S,,S,S,,S,S,S,S,S,S,S,S,S,S,S,S,S,E,E,S,S,S,S,,S,S,S,S,S,,S,S,S,S,,S,S,S,S,S,S,S,S,S,S,S,S,S,S,E,,S,S,S,S,S,S,S,S,S,S,S,S,S,S,S,S,S,S,S,S,S,S,S,S,S,S,S,S,S,S,S,S,S,S,S,S,S,S,S,S,S,S,S,S,S,S,S,S,S,S,S,S,S,S,S,S,S,S,S,S,S,S,S,S,S,S,S,S,S,S,S,S,S,S,S,S,S,S,S,S,S,S,S,S,S,S,S,S,S,S,S,S,S,S,S,S,S,S,S,S,S,S,S,S,S,S,S,S,S,S,S,S,S,S,S,S,S,S,S,S,S,S,S,S,S,S,S,S,S,S,S,S,S,S,S,S,S,S,S,S,S,S,S,S,S,S,S,S,S,S,S,S,S,S,S,S,S,S,S,S,S,S,S,S,S,S,S,S,S,S,S,S,S,S,S,S,S,S,S,S,S,S,S,S,S,S,S,S,S,S,S,S,S,S,S,S,S,S,S,S,S,S,S,S,S,S,S,S,S,S,S,S,S,S,S,S,S,S,S,S,S,S,S,S,S,S,S,S,S,S,S,,S,S,S,S,S,S,S,S,S,S,S,S,S,S,S,S,S,S,S,S,S,S,S,S,S,S,S,S,S,S,S,S,S,S,S,S,S,S,S,S,S,S,S,S,S,S,S,S,S,S,S,S,S,S,S,S,S,S,S,S,S,S,S,S,S,S,S,S,S,S,S,S,S,S,S,S,S,S,S,S,S,S,S,S,S,S,S,S,S,S,S,S,S,S,S,S,S,S,S,S,S,S,S,S,S,S,S,S,S,S,S,S,S,S,S,S,S,S,S,S,S,S,S,S,S,S,S,S,S,S,S,S,S,S,S,S,S,S,S,S,S,S,S,S,
4.25,e,S,S,S,S,E,S,E,E,S,S,S,,S,S,S,E,S,,S,S,S,S,S,S,S,S,S,S,S,S,,S,S,S,S,S,S,S,S,S,S,S,S,S,S,E,S,S,S,S,S,E,S,,S,S,S,S,S,S,S,S,S,S,S,S,S,S,S,S,S,S,E,S,S,S,S,S,S,S,S,S,S,S,S,S,S,S,S,S,S,S,S,S,S,S,S,S,S,S,S,S,S,S,S,S,S,S,S,S,S,S,S,S,S,S,S,S,S,S,S,S,S,S,S,S,S,S,S,S,S,S,S,S,S,S,S,S,S,S,S,S,S,S,S,S,S,S,S,S,S,S,S,S,S,S,S,S,S,S,S,S,S,S,S,S,S,S,S,S,S,S,S,S,S,S,S,S,S,S,S,S,S,S,S,S,S,S,S,S,S,S,S,S,S,S,S,S,S,S,S,S,S,S,S,S,S,S,S,S,S,S,S,S,S,S,S,S,S,S,S,S,S,S,S,S,S,S,S,S,S,S,S,S,S,S,S,S,S,S,S,S,S,S,S,S,S,S,S,S,S,S,S,S,S,S,S,S,S,S,S,S,S,S,S,S,S,S,S,S,S,S,S,S,S,S,S,S,S,S,S,S,S,S,S,S,S,S,S,S,S,S,S,S,S,S,S,S,S,S,S,S,S,S,S,S,S,S,S,S,S,S,S,S,S,S,S,S,S,S,S,S,S,S,S,S,S,S,S,S,S,S,S,S,S,S,S,S,S,S,S,S,S,S,S,S,S,S,S,S,S,S,S,S,S,S,S,S,S,S,S,S,S,S,S,S,S,S,S,S,S,S,S,S,S,S,S,S,S,S,S,S,S,S,S,S,S,S,S,S,S,S,S,S,S,S,S,S,S,S,S,S,S,S,S,S,S,S,S,S,S,S,S,S,S,S,S,S,S,S,S,S,S,S,S,S,S,S,S,S,S,S,S,S,S,S,S,S,S,S,S,S,S,S,S,S,S,S,S,
4.5,,S,S,S,S,,S,S,,,S,S,E,S,S,,S,S,E,S,S,S,S,S,S,S,S,S,E,S,S,,S,S,,S,S,S,S,S,S,S,S,S,E,,S,S,S,S,S,S,S,S,S,S,S,S,S,S,S,,S,,S,S,S,S,S,S,S,S,S,S,S,S,S,S,,S,S,,S,S,S,S,S,S,S,S,S,S,S,S,S,S,S,S,S,S,S,S,S,S,S,S,S,S,S,S,S,S,S,S,S,S,S,S,S,S,S,S,S,S,S,S,S,S,S,S,S,S,S,S,S,S,S,S,S,S,S,S,S,S,S,S,S,S,S,S,S,S,S,S,S,S,S,S,S,S,S,S,S,S,S,S,S,S,S,S,S,S,S,S,S,S,S,S,S,S,S,S,S,S,S,S,S,S,S,S,S,S,S,S,S,S,S,S,S,S,S,S,S,S,S,S,S,S,S,S,S,S,S,S,S,S,S,S,S,S,S,S,S,S,S,S,S,S,S,S,S,S,S,S,S,S,S,S,S,S,S,S,S,S,S,S,S,S,S,S,S,S,S,S,S,S,S,S,S,S,S,S,S,S,S,S,S,S,S,S,S,S,S,S,S,S,S,S,S,S,S,S,S,S,S,S,S,S,S,S,S,S,S,S,S,S,S,S,S,S,S,S,S,S,S,S,S,S,S,S,S,S,S,S,S,S,S,S,S,S,S,S,S,S,S,S,S,S,S,S,S,S,S,S,S,S,S,S,S,S,S,S,S,S,S,S,S,S,S,S,S,S,S,S,S,S,S,S,S,S,S,S,S,S,S,S,S,S,S,S,S,S,S,S,S,S,S,S,S,S,S,S,S,S,S,S,S,S,S,S,S,S,S,S,S,S,S,S,S,S,S,S,S,S,S,S,S,S,S,S,S,S,S,S,S,S,S,S,S,S,S,S,S,S,S,S,S,S,S,S,S,S,S,S,S,S,S,S,S,S,S,S,S,S,S,S,S,S,S,S,
4.75,,S,S,S,S,S,S,S,S,E,S,S,S,S,S,E,S,S,S,S,S,S,S,S,S,S,S,S,S,S,S,E,S,S,E,S,S,S,S,S,S,S,S,S,S,E,S,S,S,S,S,S,S,S,S,S,,S,S,S,S,S,S,E,S,S,S,S,S,S,S,S,S,S,S,S,S,S,E,E,S,E,S,S,S,S,S,S,S,S,S,S,S,S,S,S,S,S,S,S,S,S,S,S,S,S,S,S,S,S,S,S,S,S,S,S,S,S,S,S,S,S,S,S,S,S,S,S,S,S,S,S,S,S,S,S,S,S,S,S,S,S,S,S,S,S,S,S,S,S,S,S,S,S,S,S,S,S,S,S,S,S,S,S,S,S,S,S,S,S,S,S,S,S,S,S,S,S,S,S,S,S,S,S,S,S,S,S,S,S,S,S,S,S,S,S,S,S,S,S,S,S,S,S,S,S,S,S,S,S,S,S,S,S,S,S,S,S,S,S,S,S,S,S,S,S,S,S,S,S,S,S,S,S,S,S,S,S,S,S,S,S,S,S,S,S,S,S,S,S,S,S,S,S,S,S,S,S,S,S,S,S,S,S,S,S,S,S,S,S,S,S,S,S,S,S,S,S,S,S,S,S,S,S,S,S,S,S,S,S,S,S,S,S,S,S,S,S,S,S,S,S,S,S,S,S,S,S,S,S,S,S,S,S,S,S,S,S,S,S,S,S,S,S,S,S,S,S,S,S,S,S,S,S,S,S,S,S,S,S,S,S,S,S,S,S,S,S,S,S,S,S,S,S,S,S,S,S,S,S,S,S,S,S,S,S,S,S,S,S,S,S,S,S,S,S,S,S,S,S,S,S,S,S,S,S,S,S,S,S,S,S,S,S,S,S,S,S,S,S,S,S,S,S,S,S,S,S,S,S,S,S,S,S,S,S,S,S,S,S,S,S,S,S,S,S,S,S,S,S,S,S,S,S,S,S,S,S,S,S,S,S,S,S,S,S,S,S,S,S,
5,s,S,S,S,S,,S,S,S,S,,S,S,S,S,,S,S,S,,S,S,S,S,S,S,S,S,S,S,S,,,,,S,S,S,S,S,S,S,E,S,S,S,S,S,S,S,S,S,S,S,S,S,E,S,S,S,S,S,S,S,E,S,S,S,S,S,S,S,S,S,S,S,S,S,,,S,S,S,S,S,S,S,S,S,S,S,S,S,S,S,S,S,S,S,S,S,S,S,S,S,S,S,S,S,S,S,S,S,S,S,S,S,S,S,S,S,S,S,S,S,,S,S,S,S,S,S,S,S,S,S,S,S,S,S,S,S,S,S,S,S,S,S,S,S,S,S,S,S,S,S,S,S,S,S,S,S,S,S,S,S,S,S,S,S,S,S,S,S,S,S,S,S,S,S,S,S,S,S,S,S,S,S,S,S,S,S,S,S,S,S,S,S,S,S,S,S,S,S,S,S,S,S,S,S,S,S,S,S,S,S,S,S,S,S,S,S,S,S,S,S,S,S,S,S,S,S,S,S,S,S,S,S,S,S,S,S,S,S,S,S,S,S,S,S,S,S,S,S,S,S,S,S,S,S,S,S,S,S,S,S,S,S,S,S,S,S,S,S,S,S,S,S,S,S,S,S,S,S,S,S,S,S,S,S,S,S,S,S,S,S,S,S,S,S,S,S,S,S,S,S,S,S,S,S,S,S,S,S,S,S,S,S,S,S,S,S,S,S,S,S,S,S,S,,S,S,S,S,S,S,S,S,S,S,S,S,S,S,S,S,S,S,S,S,S,S,S,S,S,S,S,S,S,S,S,S,S,S,S,S,S,S,S,S,S,S,S,S,S,S,S,S,S,S,S,S,S,S,S,S,S,S,S,S,S,S,S,S,S,S,S,S,S,S,S,S,S,S,S,S,S,S,S,S,S,S,S,S,S,S,S,S,S,S,S,S,S,S,S,S,S,S,S,S,S,S,S,S,S,S,S,S,S,S,S,S,S,S,S,S,S,S,S,S,
5.25,s,S,E,S,S,S,S,S,S,S,E,S,S,S,S,S,S,S,S,E,S,S,S,S,S,S,S,S,S,S,S,,E,E,S,S,S,S,S,S,S,S,S,S,S,S,S,S,S,S,S,S,S,S,S,S,S,S,S,S,S,S,S,S,S,S,S,S,S,S,S,,S,S,S,S,S,S,S,S,S,S,S,S,S,S,S,S,S,S,S,S,S,S,S,S,S,S,S,S,S,S,S,S,S,S,S,S,S,S,S,S,S,S,S,S,S,S,S,S,S,S,S,S,S,S,S,S,S,S,S,S,S,S,S,S,S,S,S,S,S,S,S,S,S,S,S,S,S,S,S,,S,S,S,S,S,S,S,S,S,S,S,S,S,S,S,S,S,S,S,S,S,S,S,S,S,S,S,S,S,S,S,S,S,S,S,S,S,S,S,S,S,S,S,S,S,S,S,S,S,S,S,S,S,S,S,S,S,S,S,S,S,S,S,S,S,S,S,S,S,S,S,S,S,S,S,S,S,S,S,S,S,S,S,S,S,S,S,S,S,S,S,S,S,S,S,S,S,S,S,S,S,S,S,S,S,S,S,S,S,S,S,S,S,S,S,S,S,S,S,S,S,S,S,S,S,S,S,S,S,S,S,S,S,S,S,S,S,S,S,S,S,S,S,S,S,S,S,S,S,S,S,S,S,S,S,S,S,S,S,S,S,S,S,S,S,S,S,S,S,S,S,S,S,S,S,S,S,,S,S,S,S,S,S,S,S,S,S,S,S,S,S,S,S,S,S,S,S,S,S,S,S,S,S,S,S,S,S,S,S,S,S,S,S,S,S,S,S,S,S,S,S,S,S,S,S,S,S,S,S,S,S,S,S,S,S,S,S,S,S,S,S,S,S,S,S,S,S,S,S,S,S,S,S,S,S,S,S,S,S,S,S,S,S,S,S,S,S,S,S,S,S,S,S,S,S,S,S,S,S,S,S,S,S,S,S,S,S,S,S,S,S,S,S,S,S,S,S,
5.5,s,S,,,,S,S,S,S,S,,,,S,,S,S,S,S,,S,S,,S,S,S,S,E,S,S,S,S,S,,S,S,E,S,,S,S,,S,S,S,S,S,S,S,,S,S,S,E,S,S,S,S,S,S,S,S,S,S,S,S,E,,S,S,,E,S,S,S,S,S,,S,S,,S,S,S,S,S,S,S,S,S,S,S,S,S,S,S,S,S,S,S,S,S,S,S,S,S,S,S,S,S,S,S,S,S,S,S,S,S,S,S,S,S,,S,,S,S,S,S,S,S,S,S,S,S,S,S,,S,S,S,S,S,S,S,S,S,S,S,S,S,,S,S,S,E,S,S,S,S,S,S,S,,S,S,S,S,S,S,,S,S,S,S,S,S,S,S,S,S,S,,S,S,S,S,S,S,S,S,S,S,S,S,S,S,S,S,S,S,S,S,S,S,S,S,S,S,S,S,S,S,S,S,S,S,S,S,S,S,S,S,S,S,S,S,S,S,S,S,S,S,S,S,S,S,S,S,S,S,S,S,S,S,S,S,S,S,S,S,S,S,S,S,S,S,S,S,S,S,S,S,S,S,S,S,S,S,S,S,S,S,S,S,S,S,S,S,S,S,S,S,S,S,S,S,S,S,S,S,S,S,S,S,S,S,S,S,S,S,S,S,S,S,S,S,S,S,S,S,S,S,S,S,S,S,S,S,S,S,S,S,S,S,S,S,S,S,S,S,S,S,S,S,S,S,S,S,S,S,S,S,S,S,S,S,S,S,S,S,S,S,S,S,S,S,S,S,S,S,S,S,S,S,S,S,S,S,S,S,S,S,S,S,S,S,S,S,S,S,S,S,S,S,S,S,S,S,S,S,S,S,S,S,S,S,S,S,S,S,S,S,S,S,S,S,S,S,S,S,S,S,S,S,S,S,S,S,S,S,S,S,S,S,S,S,S,S,S,S,S,S,S,S,S,S,S,S,S,S,S,S,S,S,S,S,S,S,S,
5.75,s,,S,,E,S,S,S,S,S,S,E,E,S,E,S,S,S,S,,,E,S,S,S,S,S,S,S,S,,S,S,S,S,S,S,S,E,S,S,E,S,S,S,S,S,,S,E,,S,S,S,S,S,S,S,,S,S,S,S,S,S,S,S,E,,S,E,,S,S,S,E,S,,S,S,E,S,S,S,S,S,S,S,S,S,S,S,S,S,S,S,S,S,S,S,S,S,S,S,S,S,S,S,S,S,,S,S,S,S,S,S,S,S,S,S,S,,S,,S,S,S,S,S,S,S,S,S,S,S,S,S,S,S,S,S,S,S,S,S,S,S,S,S,S,,S,E,S,,S,S,S,S,S,S,S,E,S,S,S,S,S,S,E,S,S,S,S,S,S,,,E,S,S,S,S,S,S,S,S,S,S,S,S,S,S,S,S,S,S,S,S,S,S,S,S,S,S,S,S,S,S,S,S,S,S,S,S,S,S,S,S,S,S,S,S,S,S,S,S,S,S,S,S,S,S,S,S,S,S,S,S,S,S,S,S,S,S,S,S,S,S,S,S,S,S,S,S,S,S,S,S,S,S,S,S,S,S,S,S,S,S,S,S,S,S,S,S,S,S,S,S,S,S,S,S,S,S,S,S,S,S,S,S,S,S,S,S,S,S,S,S,S,S,S,S,S,S,S,S,S,S,S,S,S,S,S,S,S,S,S,S,S,S,S,S,S,S,S,S,S,S,S,S,S,S,S,S,S,S,S,S,S,S,S,S,S,S,S,S,S,S,S,S,S,S,S,S,S,S,S,S,S,S,S,S,S,S,S,S,S,S,S,S,S,S,S,S,S,S,S,S,S,S,S,S,S,S,S,S,S,S,S,S,S,S,S,S,S,S,S,S,S,S,S,S,S,S,S,S,S,S,S,S,S,S,S,S,S,S,S,S,S,S,S,S,S,S,S,S,S,S,S,S,S,S,S,S,S,S,S,S,S,S,S,S,S,S,S,S,S,S,
6,s,S,S,E,S,S,,S,S,S,S,S,S,S,S,S,S,S,S,S,E,s,S,E,S,S,S,S,S,S,E,S,S,S,S,S,S,E,S,S,S,S,S,S,S,S,S,E,S,,E,,S,S,S,S,S,S,E,S,S,S,E,S,S,S,S,,E,S,S,S,S,S,S,,S,E,S,S,,S,S,S,,S,,S,S,S,S,S,S,S,S,S,,S,E,S,,S,S,S,S,,S,S,,S,S,,S,S,,,S,S,S,S,S,S,S,S,E,S,S,S,S,S,S,S,S,S,,S,,S,S,S,S,S,S,S,S,S,S,S,S,S,S,,S,,S,,S,E,S,S,S,S,S,S,S,S,S,,S,S,,,S,S,S,S,,E,E,,S,,S,S,S,S,S,S,S,S,S,S,S,S,S,S,S,S,S,S,S,S,S,S,S,S,S,S,S,S,S,S,S,S,S,S,S,S,S,S,S,S,S,S,S,S,S,S,S,S,S,S,S,S,S,S,S,S,S,S,S,S,S,S,S,S,S,S,S,S,S,S,S,S,S,S,S,S,S,S,S,S,S,S,S,S,S,S,S,S,S,S,S,S,S,S,S,S,S,S,S,S,S,S,S,S,S,S,S,S,S,S,S,S,S,S,S,S,S,S,S,S,S,S,S,S,S,S,S,S,S,S,S,S,S,S,S,S,S,S,S,S,S,S,S,S,S,S,S,S,S,S,S,S,S,S,S,S,S,S,S,S,S,S,S,S,S,S,S,S,S,S,S,S,S,S,S,S,S,S,S,S,,S,S,S,S,S,S,S,S,S,S,S,,S,S,S,S,,,S,S,S,S,S,S,S,S,,S,S,S,S,S,S,S,,S,S,S,S,S,S,S,,S,S,S,S,S,S,S,S,S,,S,S,S,S,S,S,S,S,S,S,S,S,S,S,S,S,S,S,S,S,S,S,S,S,S,S,S,S,S,S,,S,S,S,
6.25,s,S,S,S,S,S,E,S,S,S,S,S,S,S,S,S,S,S,S,S,S,S,S,S,E,S,S,S,S,,S,S,S,S,S,S,S,S,S,,S,S,S,S,S,S,S,,S,,S,E,S,S,,S,S,,S,S,S,S,,S,S,S,S,,S,S,S,S,E,S,,,S,,S,S,,S,S,S,E,S,E,S,S,S,S,S,S,S,,S,E,S,S,S,E,S,S,,S,E,S,,,S,S,,S,S,E,E,S,S,S,S,S,,S,S,S,S,S,S,,,S,S,S,S,E,,E,S,S,S,S,S,S,S,S,S,S,S,S,S,E,E,S,S,E,S,,,,S,S,S,,S,S,S,S,E,S,E,S,E,S,S,S,S,E,,,S,,E,S,S,S,S,S,S,S,S,S,S,S,S,S,S,S,S,S,S,S,,S,S,S,,S,S,S,S,S,S,S,S,S,S,S,S,S,S,S,S,S,S,S,S,S,S,S,S,S,S,S,S,S,S,S,S,S,S,S,S,S,S,S,S,S,S,S,S,S,S,S,S,S,S,S,S,S,S,S,S,S,S,S,S,S,S,S,S,S,S,S,S,S,S,S,S,S,,S,S,S,S,S,S,S,S,S,S,S,S,S,S,S,S,S,S,S,S,S,S,S,S,S,S,S,S,S,S,S,S,S,S,S,S,S,S,S,S,S,S,S,S,S,S,S,S,S,S,S,S,S,S,S,S,S,,S,S,S,S,S,,S,,,S,S,S,S,S,S,S,,S,,S,S,S,S,S,,,S,S,S,S,,,S,,,S,,S,S,S,,,,S,S,S,S,S,S,S,S,,S,S,S,S,S,S,S,,S,S,S,S,S,S,,,S,S,S,S,S,S,S,S,S,,S,,S,S,,,S,S,S,S,S,S,S,S,S,S,,S,S,S,S,S,S,,S,S,S,S,S,S,,S,S,,
6.5,,S,,S,S,S,S,S,,S,S,S,S,S,S,S,S,E,S,S,S,S,S,S,,S,S,S,S,E,S,S,S,S,S,E,S,S,S,E,S,S,S,S,S,S,S,,,S,S,,S,S,E,S,S,E,S,E,S,,,,S,S,S,S,S,S,S,S,S,S,E,S,,,S,S,,S,S,,S,,,S,S,S,S,S,,S,E,S,,S,S,S,S,E,S,E,,S,S,E,S,,S,E,,,,,,S,S,S,S,E,S,S,S,S,S,S,E,E,E,E,S,,,E,,S,S,S,E,S,S,S,S,,,S,,,,S,S,S,,S,E,S,E,S,,S,E,S,S,S,E,S,,,S,S,E,,S,S,S,S,S,S,E,,S,S,S,S,S,S,E,S,S,S,S,E,S,S,S,S,S,S,S,S,S,S,S,,S,S,S,S,S,S,S,S,S,S,S,S,S,S,S,S,S,S,S,S,S,S,S,S,S,S,S,S,S,S,S,S,S,S,S,S,S,S,S,S,S,S,S,S,S,S,S,S,S,S,S,S,S,S,,S,,S,S,S,S,S,S,S,S,S,S,,S,S,S,S,S,,S,S,S,S,S,S,S,S,S,S,S,S,S,S,S,S,S,S,S,S,S,,S,S,S,S,S,S,S,S,S,S,S,S,S,S,S,S,S,S,S,S,S,S,S,S,S,S,S,S,S,S,S,S,S,,S,,S,S,S,,S,,S,,,,S,S,,S,S,S,,S,,S,,S,S,S,S,S,S,S,S,S,,,S,,,S,,,,S,,,,S,S,S,S,,S,S,,,,S,S,,S,,S,,S,,,S,S,S,E,,S,E,S,S,S,S,S,S,S,E,,,,,,,,,S,S,S,S,S,S,,,,S,,S,S,S,S,,S,S,,,S,S,,S,S,,
6.75,s,S,S,S,S,S,S,S,E,,S,S,S,S,S,S,S,S,,S,S,S,S,S,,S,S,S,,S,S,S,S,S,S,,S,S,S,S,S,S,S,S,S,S,S,S,E,S,S,S,S,S,,S,S,S,S,S,S,E,,E,S,,S,S,S,S,S,S,S,S,,S,E,S,S,,S,S,,E,S,E,S,,,S,S,S,E,,,S,S,,S,E,S,,,S,E,S,,,S,E,,,E,E,S,,E,,S,,,,S,,S,,E,,S,,,,,E,S,,S,S,S,S,S,S,E,,E,E,E,,E,E,S,S,E,S,S,S,,S,,E,E,,S,S,,,S,S,E,,S,S,,E,S,,S,S,S,S,,S,E,S,S,,S,,,E,S,E,,S,E,S,S,S,S,S,,S,,S,,,,S,S,S,S,S,S,S,S,S,S,S,S,S,S,,S,S,S,S,S,S,S,S,S,S,S,S,S,S,S,S,S,S,S,,S,S,S,S,S,S,S,S,S,S,S,S,S,S,S,S,S,S,,S,,S,S,S,S,S,S,S,S,S,S,S,S,S,S,S,S,,S,,S,S,,S,S,S,S,S,S,S,S,S,S,S,S,S,S,,S,,S,S,S,S,S,S,S,S,S,S,S,,S,S,S,S,,S,,S,S,,S,S,S,,S,S,S,S,,,S,,S,,S,,S,,S,,,,,,,S,,,S,,,S,,S,,S,,S,S,S,S,S,,S,,,,,,S,,,,S,,E,,S,S,,,,,,,E,,,,,,E,S,E,S,,,,,,,E,S,,,S,S,S,,S,S,,,E,,,E,,,,S,,,,,S,,,,S,,S,S,S,,,E,S,E,E,,,E,S,S,E,
7,s,E,S,S,S,E,S,E,S,E,S,S,S,E,S,S,S,S,E,S,S,S,S,S,,,S,S,S,S,S,S,S,S,S,S,S,S,S,S,S,,S,E,S,S,S,S,S,S,S,S,S,S,,E,S,S,S,S,E,,S,S,S,E,S,S,S,,S,S,S,E,S,S,S,,S,,S,S,E,S,S,,S,E,E,S,S,S,,E,,,S,E,S,,S,S,E,S,,S,E,S,S,,E,S,,,S,,,E,S,E,E,S,,E,S,E,S,E,S,,,S,E,,S,S,S,S,S,E,S,S,,E,,,,E,,,S,S,,S,S,S,S,S,S,,S,E,S,S,E,E,S,S,,S,S,,,,,E,S,S,,S,,S,,E,S,E,,,,,S,,E,S,,,S,E,e,,E,S,,,E,S,,S,S,,S,S,S,,,S,S,,,S,,S,S,S,S,S,S,,,,,,S,S,S,S,S,S,S,S,S,,S,,S,S,S,S,S,S,S,S,S,S,S,S,S,S,S,S,S,S,,S,,,S,S,S,S,S,S,S,S,,,S,S,S,S,S,,S,,,,S,,,S,,S,S,,S,,S,S,S,,,,S,S,S,S,S,,S,S,S,S,S,,,S,S,S,S,S,,,S,,S,S,,,,,,,,,,,,,S,,S,,S,,,E,,,,,,,,,,,,,,,,,,S,S,S,,,E,E,,E,,,E,E,,S,E,,E,,E,,,E,,,E,,E,E,E,E,E,,E,,,E,E,,E,,,,S,,E,E,S,E,,S,S,,E,,E,E,,,E,,S,,,,,,,E,E,S,E,,S,S,,E,,S,,,E,E,,,,,
7.25,e,S,S,,S,S,S,S,S,S,S,S,S,,S,S,S,S,S,S,S,S,,S,S,E,S,S,S,S,S,,S,S,S,S,S,S,S,S,E,,S,,S,S,S,S,S,S,S,S,S,S,,,S,S,S,S,,,S,S,S,,S,S,S,E,S,S,S,,S,S,S,,S,E,S,S,,,S,,S,,,S,S,,,,,E,S,E,,S,S,S,,S,S,S,,S,E,S,,S,S,S,S,S,S,,E,,,S,E,,S,,S,,S,S,S,S,,S,S,S,S,S,S,,S,E,S,,,S,,S,S,,S,S,,,S,S,S,S,S,,S,S,S,S,S,S,S,S,,S,S,S,S,S,E,,S,S,,S,,S,,,S,,E,E,S,,,,,S,,E,E,,,E,,,E,E,,S,S,,S,,S,S,,S,S,S,,,,,,S,,S,,S,S,,,,,,,S,S,S,S,S,S,S,S,,S,,,,S,S,,S,S,S,S,S,,S,S,,S,S,S,S,,,,,,,,S,,S,,S,,,S,S,S,S,S,,,,,,S,,,,,,,,,,,S,,,,,S,S,S,S,S,,,,,,,,,S,S,S,,,,,,,S,S,,,,,,,,,,,,E,S,,S,,S,E,E,,E,,,,,E,,,E,,,,,,,,,S,,,,,,,,,E,E,,,E,,,,,E,,E,E,,E,E,,,,,,,,,,,E,,,E,,E,,,,,,,E,,E,,S,,,,,,,E,,E,E,E,E,E,E,E,E,,,S,,E,S,S,E,,,E,,,,,,E,E,,
7.5,,S,S,E,S,S,E,S,S,S,S,S,S,,S,E,,S,S,S,S,S,,S,S,,S,S,E,S,S,E,S,S,,S,S,,S,S,,,S,S,S,S,S,S,S,S,S,S,S,S,,,S,S,S,S,,S,S,S,S,,S,S,S,S,S,S,S,,S,S,S,,S,,S,S,,,S,,S,S,S,,,E,,S,S,,S,,,S,S,S,S,S,S,,S,S,,S,S,S,S,S,S,S,S,S,,S,,S,,,S,,S,S,S,S,S,S,S,S,S,S,S,S,S,S,S,,S,,,S,S,S,S,,S,S,,,S,,S,S,S,S,S,S,,,S,S,S,,S,S,S,S,S,S,,,S,S,,S,,,,,E,,,,S,,,,S,,,,,,,,,E,,,,S,S,E,,,,S,,S,S,,,,,,,,,,,S,,E,E,E,E,,,,S,S,,S,S,S,S,,S,,,,S,,,S,S,,S,,,S,,,,S,,,,,,,,,,,,S,,,,,S,S,,S,S,,,,,,S,,,,,,,,,,,,,,,E,,S,,S,S,,,,,,,,,S,S,,S,,,,,,S,,E,E,,,,E,,,,E,,,,E,,,,,,,,,E,,E,,,,,E,E,E,E,,,E,,S,,,E,E,,,E,,,,,,,E,,,,,,,,,,,,,,,,,,,,,,,,,,,,,E,,,,,,,E,E,,,,,,,,,,,,,,,,,,,E,,,E,E,,,,,,,,,,,,,
7.75,s,S,S,S,S,S,E,S,S,S,S,S,S,S,S,S,E,S,S,S,S,S,E,S,S,,S,S,S,S,S,S,S,S,E,S,S,,S,,,,S,S,S,S,,S,S,S,S,S,S,S,,,S,S,S,S,,S,,S,S,,S,S,S,S,S,S,S,,,S,S,,,,S,S,,,S,S,,S,S,E,E,,S,S,S,S,,S,,S,S,S,S,,S,,S,S,,S,S,S,S,S,,S,S,S,,S,S,S,S,,S,S,S,S,S,S,S,S,S,S,S,S,S,E,E,S,S,S,S,,,S,S,S,S,,S,,,E,,E,S,S,,S,S,S,,,S,S,,,S,S,S,,S,S,,,S,,,S,,,,,,,,,S,,E,,S,,,,,,,,,,,,,E,,,E,E,,S,,S,S,E,,E,E,E,E,E,,E,E,,E,,,,,E,S,,,S,,S,S,S,S,S,,E,,,,,,S,,,S,,,S,,,,,,,E,,E,E,E,,E,,E,,E,,,,S,,,,E,E,,,S,,,,,,E,,,,,E,E,,,E,E,,,S,,,E,E,E,,E,,E,E,E,,S,,S,E,E,,E,,,E,,,E,,E,,E,E,E,,E,,E,,,E,E,,,,,E,,E,,,E,E,,,,,,E,E,,E,E,,E,,,,,,,,,,,,,,,,,,,,,,,,,,,,,,,,,,,,,,,,,,,,,,,,,,,,,,,,,,,,,,,,,,,,,,,,,,,,,,,,,,,,,
8,s,S,S,S,S,S,,S,S,S,S,S,S,S,S,S,E,S,S,S,S,S,,S,S,,S,S,S,S,S,S,S,S,,S,S,,S,E,,,S,S,,,,S,S,S,S,S,S,,,,S,S,S,S,,S,,S,,,,S,S,S,S,S,S,,,S,S,,,,,S,,,S,S,,S,S,,,,S,S,S,S,,S,,S,S,S,S,,S,,S,S,,S,S,,S,S,,,S,S,S,S,S,S,S,S,,S,S,S,,S,S,S,S,S,S,,S,,,S,S,S,S,,,S,S,,S,,,,S,,,,S,S,,S,S,S,,,S,S,,,S,,,,,S,,,,,E,,,,,,,,,,,,,,,,,,,,,,,,,,,,E,,,,E,,E,,S,,E,,,,,,E,,,E,,,,,,,S,E,E,S,,,E,E,,,E,,E,E,E,E,E,S,E,E,,e,E,E,E,,E,E,,E,,E,,,,E,,E,,,,,E,E,E,,E,E,,,E,E,,E,E,E,E,E,,E,E,E,E,,,E,E,,,,E,E,E,E,,,,E,,E,,,,E,E,,S,,,E,,E,,,,,,E,,,,,,,,,,,E,,,,,,,,,,,,,,,,,,,,,,,,E,,,,,,,,,,,,,,,,,,,,,,,,,,,,,,,,,,,,,,,,,,,,,,,,,,,,,,,,,,,,,,,,,,,,,,,,,,,,,,,,,,,,,,
8.25,s,S,S,S,,S,,S,S,S,S,S,S,S,S,S,,S,S,S,,S,,S,S,S,,S,S,S,S,S,S,,,S,,,S,,,E,S,S,E,E,,S,S,S,S,S,S,,S,S,S,S,S,S,,S,,S,,S,,,S,S,S,S,S,,,S,S,S,E,,,,,S,S,S,,S,S,,,S,,S,S,S,,S,E,S,,,S,,,S,S,,,S,S,,,S,,,S,S,S,S,S,S,S,S,,S,S,,,,S,S,S,S,S,,S,,,S,,S,S,,,S,,,,,,,S,,E,,,,E,S,S,,,E,S,,,,,,,,,,,,,E,,,,E,E,,,,,,,,,,,,,,,,,,,,,,,,,,,,,E,,E,E,,,,,,,,,,,,,,,,,,S,,,S,E,E,,,E,E,,,,,,,,,,,E,,,,,E,,,E,,,,,,,,,,,E,,E,,,,E,,,,,,,E,,,,,,,,,,,,,,,,,,,Daylight savings ends ,,,,,,,,,,,,,,E,E,,,,,,E,,,,,,,,,,,,,,,,,,,,,,,,,,,,,,,,,,,,,,,,,,,,,,,,,,,,,,,,,,,,,,,,,,,,,,,,,,,,,,,,,,,,,,,,,,,,,,,,,,,,,,,,,,,,,,,,,,,,,,,,,,,,,,
8.5,s,S,S,S,E,S,,S,S,S,S,S,S,S,E,S,,S,S,S,,,,S,,S,E,S,,S,S,S,S,E,,S,,E,S,,,S,,S,,,E,,S,S,S,S,S,,S,S,S,,S,S,,S,,S,E,S,E,E,S,S,,,S,S,,S,S,S,,,E,E,,S,S,S,,S,S,S,S,S,,S,S,S,E,,,,,,,E,,S,,,,,,,,S,E,E,S,S,S,S,S,S,S,S,,S,S,,E,,S,,,S,S,,,S,,S,,S,,,S,S,,,,,,E,,,,,,,,S,,,E,,,,,,,,E,,,,,,,,,E,,,,E,,,,,E,,,,E,E,,,,,,,,,,,,,,,,,,,,,,,,,,,,,,,,,,,,,,,S,,,E,,,,,,,,,,,,,,E,,,,,,,,,,,,,,,,,,,,,,,,,,,,,,,,,,,,,,,,,,,,,,,,,,,,,,,,,,,,,,,,,,,,,,,,,,,,,,,,,,,,,,,,,,,,,,,,,,,,,,,,,,,,,,,,,,,,,,,,,,,,,,,,,,,,,,,,,,,,,,,,,,,,,,,,,,,,,,,,,,,,,,,,,,,,,,,,,,,,,,,,,,,,,,,,,,,,,,,,,
8.75,s,S,S,S,,S,,S,S,S,E,E,S,S,S,S,S,S,S,S,,,S,,,S,,S,,S,S,S,S,,S,S,,S,S,,S,S,,,,,,,S,,S,S,S,,S,S,,,S,,S,S,,,,,,S,S,S,E,,,S,E,S,S,,,S,,,S,S,,,E,S,S,,,S,E,S,S,S,,,,,E,E,,,,S,,E,,,,,,S,,,S,S,S,S,S,S,,,E,,,,,E,S,E,,S,,E,E,S,,S,,,,,S,,E,E,E,S,E,,,,,,,E,,,,,,,,,E,E,,E,,,,,,E,,,,,,,,,,S,,,,,,,,,S,,,,,,,,,,,,,,,,,,,,,,,,,,,,,,,,,,,,,,E,,,,,,,,,,,,,,,,,,,,,,,,,,,,,,,,,,,,,,,,,,,,,,,,,,,,,,,,,,,,,,,,,,,,,,,,,,,,,,,,,,,,,,,,,,,,,,,,,,,,,,,,,,,,,,,,,,,,,,,,,,,,,,,,,,,,,,,,,,,,,,,,,,,,,,,,,,,,,,,,,,,,,,,,,,,,,,,,,,,,,,,,,,,,,,,,,,,,,,,,,,,,,,,,,,,,,,,,,,
9,s,S,S,S,,,,S,S,S,S,,,S,S,S,S,,S,S,,,S,E,,S,,,,S,,S,S,,S,S,E,S,S,,S,E,,,,,,,S,,,S,,E,,S,,E,E,,S,S,E,,,E,,,,S,,E,E,S,,,,,,S,,,S,S,E,,,S,S,,,,,S,,S,,,,E,,,,,E,,,,S,,,E,E,E,,,,S,S,S,S,,,,,,,E,,,,,E,E,E,,,S,,,E,,,S,S,E,,,,S,,,E,,,,,,,E,E,E,,,,E,,,,,,E,E,E,,,E,,,,e,,,,,S,S,,,,,,,,S,,,,S,,,,,,,,,,,,,,,,,,,,,,,,,,,,,,,,,,,,,,,,,,,,,,,,,,,,,,,,,,,,,,,,,,,,,,,,,,,,,,,,,,,,,,,,,,,,,,,,,,,,,,,,,,,,,,,,,,,,,,,,,,,,,,,,,,,,,,,,,,,,,,,,,,,,,,,,,,,,,,,,,,,,,,,,,,,,,,,,,,,,,,,,,,,,,,,,,,,,,,,,,,,,,,,,,,,,,,,,,,,,,,,,,,,,,,,,,,,,,,,,,,,,,,,,,,,,
9.25,s,E,E,S,,E,S,S,S,,S,,E,S,S,S,S,E,S,S,E,E,S,,E,S,,E,,S,E,S,S,,,S,,,,,,,E,,,,,E,,E,,S,,S,E,,,,,E,S,,S,,,,,,,S,,,,S,,E,E,E,,,,,S,S,,E,,S,,,,,,,,S,,,S,,,,E,,,E,E,,S,,,,,,,,,S,S,S,,E,,,,,E,,,,E,,,,,,,,,E,,,E,S,S,,,,,S,,,,S,,,,,,,,,,,,,,,E,,,,,,,S,,,,,S,,,,,S,S,,,,,,,,S,S,,S,S,,,,S,S,S,,,,,S,,,,,,,,,,,,,,,,,,,,,,,,,,,,,,,,,,,,,,,,,,,,,,,,,,,,,,,,,,,,,,,,,,,,,,,,,,,,,,,,,,,,,,,,,,,,,,,,,,,,,,,,,,,,,,,,,,,,,,,,,,,,,,,,,,,,,,,,,,,,,,,,,,,,,,,,,,,,,,,,,,,,,,,,,,,,,,,,,,,,,,,,,,,,,,,,,,,,,,,,,,,,,,,,,,,,,,,,,,,,,,,,,,,,,,,,,,,,,,,,,
9.5,s,,,S,E,,S,S,,E,S,,,S,S,S,S,,S,S,,,S,,,S,,,,S,,S,E,,,S,,,E,,,,,,S,,,,,,,,,,,,E,,,,S,,S,,S,,,,E,,,,,,,,,,,,,,S,S,,,,S,,,,,,,E,,S,E,S,,,,,S,,,,,S,E,E,,,,,,E,S,S,S,,,E,E,,E,,,,,,,,,,,,,,,,E,,S,S,,,,,,,,,S,,,,,,,,,,,E,,,,,,,,,,,S,,,,,S,,,,,S,S,S,,S,,S,,,S,S,S,S,S,S,S,,S,S,S,,,,,S,,,,,,,,,,,,,,,,,,,,,,,,,,,,,,,,,,,,,,,,,,,,,,,,,,,,,,,,,,,,,,,,,,,,,,,,,,,,,,,,,,,,,,,,,,,,,,,,,,,,,,,,,,,,,,,,,,,,,,,,,,,,,,,,,,,,,,,,,,,,,,,,,,,,,,,,,,,,,,,,,,,,,,,,,,,,,,,,,,,,,,,,,,,,,,,,,,,,,,,,,,,,,,,,,,,,,,,,,,,,,,,,,,,,,,,,,,,,,,,,,
9.75,s,,,,S,,,S,E,,S,E,,S,S,,S,,S,E,S,,,,S,,S,S,E,,,,,,,S,E,,,S,,,,,S,S,S,,E,,E,E,E,,,E,,S,,,,E,S,,S,,S,,,E,,,,E,,,,,,E,,,S,E,,,,,E,,,E,S,E,,,S,,,,,,,S,,,,,S,,,,,,S,,,,,E,E,,,,,,,,,,,,,,,,,E,,,,,,S,E,,,,,E,,,,S,,,,,,,,,,,,,,,,,,,,,S,S,,,S,,S,,S,,,S,S,S,,S,,S,,,,S,S,S,S,S,S,,,S,S,,,,,S,,,,,,,,,,,,,,,,,,,,,,E,,,,,,,,,,,,,,,,,,,,,,,,,,,,,,,,,,,,,,,,,,,,,,,,,,,,,,,,,,,,,,,,,,,,,,,,,,,,,,,,,,,,,,,,,,,,,,,,,,,,,,,,,,,,,,,,,,,,,,,,,,,,,,,,,,,,,,,,,,,,S,,,,,,,,,,,,,,,,,,,,,,,,,,,,,,,,,,,,,,,,,,,,S,,,,,,,,,,,,,,,,,,,,,,,,,,,,,,,,,,,
10,,,E,E,S,,E,E,,,S,,,S,,E,S,,,,S,S,,S,S,E,S,S,S,E,,E,,S,,S,S,,,S,E,,S,E,,S,S,,,,,,,,,,,S,,,,S,S,,S,,S,,,,,,,,S,,,,S,,S,,S,,,,S,E,,S,S,,S,,,E,S,,E,,S,,,S,,,,,S,,,S,,,S,,,E,E,,,,,,,,,,,,,,,,,S,,,,,,,,S,,,E,,,,,S,,S,,S,,,,,,,,,,E,,S,,,,,,,S,S,,,S,,,,S,,,E,,S,,S,,S,,,E,S,S,S,E,S,E,S,E,S,S,,,,,S,,,,,,,,,,,,,,,E,,,,,,,,,,,,,,,,,,,,,,,,,,,,,,,,,,,,,,,,,,,,,,,,,,,,,,,,,,,,,,,,,,,,,,,,,,,,,,,,,,,,,,,,,,,,,,,,,,,,,,,,,,,,,,,,,,,,,,,S,,S,,,,,,,,,S,,,,,,,,,,,,,,S,S,,S,,,,,,,S,,,,,,,,,,,,,,,,,,,,,,,,S,,,S,,,,,,,,,,S,,S,,,S,S,,,,,,,,,,,,,,,,,,,,,,,,,,,,,
10.25,e,,,,,,,,,,,S,,,E,,S,,E,,S,S,E,S,S,,S,,S,,,,,S,,S,S,,,S,S,,S,S,,,S,S,,S,,,,,S,,,,,,E,S,S,E,,,,S,,,,S,,,S,,,S,S,,S,S,E,,,,S,,,S,S,,S,,,,S,,,,S,,S,,S,,,S,,,,S,,,S,S,,,,,,,,,S,,,,S,,,,,,,S,,,S,,,,,E,,,,,S,,,S,,S,S,S,S,S,S,,,,,S,,,S,S,,,S,,,,S,S,,,S,,,S,S,,,,E,S,,E,S,E,,S,,S,S,,,S,,S,,S,E,,,S,S,S,,,,,,,,,,,,,,,,,,,,,,,,,,,,,,,,,,,,,,,,,,,,,,,,,,,,,S,,,,,,,,,,,,,,,,,,,,,,,,,,,,,,,,,,,,,,,S,,,,,,,,,,,,,,,,,,,,,,,,,,,,,,,,,,,,,,,,,,S,,S,,,,,,,,,S,,S,,,,,,,,,,,,S,S,S,S,S,,S,S,S,,S,S,S,,S,S,S,S,S,S,S,S,,S,S,S,S,S,S,S,S,S,S,S,S,S,S,S,,S,S,S,In crib 1 hour ,,S,,,S,S,S,S,S,S,S,S,S,,,,,,,,,,,,,,,,,,,,,,,,,,,
10.5,,,S,,,,,,,,,S,S,E,,,S,E,,,,S,,S,,,S,,S,,,,,S,E,,,S,,E,S,,,S,E,,,S,,S,,,,E,S,,S,,,S,,,S,,E,,E,S,S,,,S,S,,S,,,S,S,,,S,,,,S,S,,,S,S,,S,,,,,S,,,,S,S,,S,,,S,E,,,S,S,,S,S,,,,,,,S,,S,,S,,S,S,,,,,,S,,,S,,,,,,,,S,S,S,,S,S,,S,S,S,S,S,S,,,,,S,,,S,S,,,S,,S,,,,,,S,,,S,S,,S,,,E,,,S,,,S,,E,E,E,,E,,S,,E,,S,,S,S,E,S,,S,,,,S,S,,S,,S,,,S,,,S,S,S,S,S,,,,S,S,,,,,,S,,S,,,S,,,,,,,S,,,S,S,,,S,S,S,S,,S,,,,,,,,,S,,,,,,S,,,,,,S,,S,S,S,S,S,,S,S,,S,S,,S,S,,,,,S,,,,S,,S,S,,,,,,S,,,S,,S,S,S,S,S,S,S,,S,,S,S,S,,S,,S,,S,,S,S,S,S,,S,,,S,S,,S,,S,S,S,S,,,,S,,,S,S,S,S,S,S,S,S,S,S,S,S,S,,S,S,S,S,S,S,S,S,S,S,S,S,S,S,S,S,S,S,S,S,S,S,S,S,S,S,S,S,,S,S,,,,S,S,S,S,S,S,S,S,,,,,,,,,,,,,,,,,,,,,,,,,,,
10.75,,,,,E,S,,,,S,E,S,S,,,,S,S,,,,,,S,,,S,,S,,S,,,,S,E,,S,,,S,,,,,,,,,S,,,,S,S,,S,,,S,,,S,,,,,,S,,,,S,,,,,,S,,,,,,,,S,,,S,S,,S,,S,,,S,,S,,S,,E,S,,,,,S,S,,S,,,,,,,,,,S,,E,,S,S,S,S,,S,S,,,S,S,,E,,S,,S,,,,S,,S,,S,S,,E,S,S,,S,S,,,S,,S,,S,S,S,,,S,S,S,S,E,E,,S,,,,S,S,S,S,,,,,,S,,,S,,,,,,,,S,,,,S,S,,S,,S,,S,,,S,S,S,S,S,S,S,S,S,S,S,S,S,S,S,S,S,,E,S,S,S,S,S,S,S,,S,S,S,S,S,S,S,,S,S,,S,S,S,S,S,S,S,S,S,S,S,S,S,S,S,S,S,S,S,,S,S,S,,S,S,,S,S,S,S,S,S,S,S,S,S,S,S,S,S,S,S,S,S,S,S,S,S,S,,S,S,S,S,S,S,S,S,S,S,S,S,S,S,,S,S,S,S,S,,S,S,S,S,S,S,S,S,S,S,S,S,S,S,S,S,S,S,S,S,S,S,S,S,S,S,S,S,S,S,S,S,,S,S,S,S,S,S,S,S,S,,S,S,S,,S,S,S,S,S,S,S,S,S,S,S,S,S,S,S,S,S,S,S,S,S,S,S,S,S,S,S,S,S,S,S,S,S,S,S,S,S,S,,S,S,S,S,,S,S,S,S,S,S,S,S,,,,,,,,,,,,,,,,,,,,,,,,,,,
11,,S,E,,S,S,,E,,S,,,,,,,,S,,E,,,,,,,S,,S,,S,,S,E,S,,,E,,,,,,,,,E,,S,,,S,,S,S,,,,,S,,,S,,,S,,,,,S,,,S,,,S,,,S,E,,,,,,,,,E,E,S,,,S,,E,,,,E,S,,,,S,,,,S,S,,,,,,,,,,,S,S,S,,S,S,S,,S,,S,S,,,S,S,,,S,S,,S,,,S,S,,S,,S,,S,,S,S,E,S,S,,S,S,,S,S,S,,S,S,S,S,S,S,S,,,S,S,,S,E,S,,S,S,,,,S,,S,,,E,,,,,,,,E,,,,S,S,E,S,,S,S,S,S,S,S,S,S,S,S,S,S,S,S,S,S,S,S,S,E,S,S,S,S,S,S,S,S,S,S,S,S,S,S,S,S,S,S,S,S,S,S,S,S,S,S,S,S,S,S,S,S,S,S,S,S,S,S,S,S,S,S,,S,S,S,S,S,S,S,S,S,S,S,S,S,S,S,S,S,S,S,S,S,S,S,S,S,S,S,S,S,S,S,S,S,S,S,S,S,S,S,S,S,S,S,S,S,,S,,S,S,S,S,S,,S,S,S,S,,S,S,S,S,S,S,S,S,S,S,S,S,S,,S,S,S,S,S,S,S,S,,S,S,S,S,S,S,S,S,S,S,,S,S,S,,S,,S,S,S,S,S,S,,S,S,S,S,S,S,S,S,S,S,S,S,S,S,S,S,S,S,S,S,S,S,S,,S,S,S,S,,,S,Didn't sleep ,S,S,S,S,,S,,S,S,S,,S,S,,,,,,,,,,,,,,,,,,,,,,,,,,,
11.25,,S,,,S,E,S,S,S,,,E,E,,,,E,S,,S,,,,E,,,S,E,S,S,,S,S,,,,,S,,,,S,,,S,E,S,E,S,,,S,,S,E,,,,,,,,E,,,S,,E,,S,,,E,S,E,S,S,,E,S,,,,,,,E,,S,,,S,,,,S,,,,E,,S,E,,E,S,S,,,S,S,E,E,,E,E,,,,,,S,S,S,,S,S,S,,S,,,S,S,,E,S,S,,S,S,S,S,,,S,S,,S,,S,E,S,,S,E,,S,E,,S,S,S,S,S,,,,S,S,S,S,S,S,,,S,S,E,S,,,E,S,S,,,,S,,E,,S,,,,,,,,,,,,,S,S,,E,,S,S,S,S,S,S,S,S,S,S,S,S,S,S,S,S,S,S,E,S,S,S,S,S,S,S,S,S,E,S,S,S,S,S,S,S,S,S,S,S,S,S,S,S,S,S,S,S,E,,S,S,,S,S,S,,S,S,S,S,S,S,S,,S,S,S,S,S,S,S,S,S,S,S,S,S,S,S,S,S,S,S,S,S,S,S,S,S,S,S,S,S,S,S,S,S,S,S,S,S,S,,,S,S,S,,S,S,S,S,S,S,S,S,S,S,S,,,S,S,S,S,S,S,S,S,S,S,S,,,,S,S,S,S,S,S,S,S,,S,,S,S,S,S,S,S,S,S,,S,S,,,,,,S,,S,,S,,S,S,S,S,,,S,,,S,S,S,,,,,,S,S,S,,S,,,,,,S,S,,,,S,S,S,S,,,,S,S,,,,S,,,,,,,,,,,,,,,,,,,,,,,S,,,,
11.5,,,,S,S,,S,S,S,E,,,,,,S,,,,S,,,S,,,S,S,S,,S,,S,,,,,S,S,S,,,S,E,,S,S,S,,,,S,,S,,,S,E,E,,,S,,,S,,,S,,,S,,E,,S,,S,,,,,,E,,,,,,,S,,,,,,,S,,E,,,,E,,,,,S,E,,,S,,,,,,,,,,,S,S,,,S,E,,E,,S,E,S,S,,,S,S,,S,S,S,S,,,S,S,E,,,S,,S,,S,,,E,,S,S,,S,,S,,,E,,,E,S,S,S,,,,S,,S,,E,,S,S,,,,S,,,,S,,,,,,,,,,,,,E,S,,,,E,S,,S,,E,S,S,E,S,S,E,S,E,,S,S,,S,S,S,S,S,S,S,,S,S,,S,S,S,E,S,E,S,S,E,E,S,S,,S,S,,S,S,,,E,S,,E,E,E,E,,S,,S,S,S,S,S,,E,S,,,S,S,,S,S,S,S,S,S,S,,E,,,E,S,S,,S,,,S,E,S,S,S,,S,,,,S,,S,E,E,S,S,S,S,S,S,S,S,S,S,S,,S,E,,Drop feed,,S,S,S,S,,S,,,S,,S,,,,S,S,,S,,S,S,S,,S,,S,S,,,,S,S,S,,,S,,,,,,S,,,,S,,,,,,,,,,,,,,,,,,,,,,,,,,,,,,S,,,,S,S,S,S,,,,,S,,,,S,,,,,,,,,,,,,,,,,,,,,,,S,,,,
11.75,s,E,,S,S,E,,,,,,,,S,,,,E,S,S,,E,S,,,S,S,S,E,S,,S,E,,,,S,S,,,,,,,S,S,S,,E,,S,,S,,,,,,E,,S,S,,,,E,,,,S,,,,S,,,E,E,,,,,,S,E,,,,,,,E,E,E,E,S,,,,,,,,,,E,,,,E,S,,,,,,,,S,,,S,,E,,,,E,,E,S,,S,S,S,,S,S,,E,S,S,,,,S,,,,,,,S,,E,,,,,S,S,E,,,S,,,,E,E,,,E,S,,,E,E,,S,,,,S,E,,,,E,,,,S,,,,,,,,,,,,,,S,S,,,,S,,S,,,,E,S,E,E,,E,,E,E,e,E,S,S,E,E,S,,S,E,S,,s,S,E,S,,,,E,E,,,S,E,E,S,S,,E,E,E,,,E,E,,,,,E,E,S,,S,,S,E,E,,,S,,,,E,,E,S,S,S,,,E,,E,E,,E,E,E,,E,E,S,,S,,S,E,S,E,E,E,E,E,,,,E,E,,S,E,E,S,E,E,,E,E,,,E,,,,,,,,S,,,,,,,,,,,,S,,,,,,,,S,,,,,,S,,,,,,,,,,,,,,,,,,,,,,,,,,,,,,,,,,,,,,,,,,,,,,,,,,,,,,,,,,,,,,,,,,,,,,,,,,,,,,,,,,,S,,,,
12,s,,S,S,,S,,,E,,S,,,S,,,E,,,S,E,,,,E,,E,,,S,E,S,,,,S,,S,,S,E,E,,,,S,S,,,E,,E,,,,,,E,S,E,,S,,,S,,,,,E,E,,,E,,E,,,,,,,S,S,,E,,S,,,,,,,,,,,,,,,,,,,E,,,,,,,S,,,S,S,S,S,,,,,,E,,,,,S,,E,E,S,,,S,,,E,S,E,,S,,E,,E,E,E,,,,,,,,,,S,,E,E,,,E,,,,,,,S,,,,,,E,,,,E,,,,,,,,,E,,,,,,,,,,,,,,E,S,,,,E,E,S,E,,E,,S,,,,,,,,,,S,S,,,E,S,S,,E,E,E,E,,E,,E,,,,,,E,,,E,S,E,,,,,,,,,,,,,,S,E,,E,S,,,,E,E,E,E,E,,,,,E,E,E,E,,,,,,,,,E,,,E,,E,E,E,,E,,,,,,E,,,,,E,S,,,E,,,,,,E,,,,,,,,,,,,,,,,,,,,,,,,,,,,,,S,,,,,,,,,,,,,,,,,,,,,,,,,,,,,,,,,,,,,,,,,,,,,,,,,,,,,,,,,,,,,,,,,,,,,,,,,,,,,,,,,,,,,,,,,,,,,
12.25,e,,S,S,E,S,E,,,,S,S,,,E,,E,,E,,S,,,,S,,,,,S,S,S,,,,S,,,E,S,,,,E,,,S,,,,,,,,,E,,S,S,,E,,,,,,,,,,,,,,,,,,,E,,,S,S,S,,,S,,,,,,,,,,,S,,,,,S,,,,,,,E,,,S,,,S,S,,S,,E,,,,,,,,,S,,,,,,E,S,,,,S,,S,S,,,,,,,,E,,,,,,,E,E,,,,E,E,,,,,,,,S,,,,,,,,,,,,,,,,,,,,,,,,,,,,,,,,,,,,,,,,S,,,,,S,,,,,,,,,,,S,,,,S,S,,,,,,,,,,,,,,,,,,,E,,,,,,,,,,,,,,,S,,E,,E,,,,,,,,,,E,,E,,,,,,,,,,,,,,,,,,,,,,,,,,,,,,,,,,E,,,,,,,,,,,,,,,,,,,,,,,,,,,,,,,,,,,,,,,,,,,,,,,,,,,,,,,,,,,,,,,,,,,,,,,,,,,,,,,,,,,,,,,,,,,,,,,,,,,,,,,,,,,,,,,,,,,,,,,,,,,,,,,,,,,,
12.5,,,E,,,S,,,,E,,S,S,E,S,E,S,,S,,,,,,S,,,,,S,S,S,,S,,,E,,S,,S,,S,,E,,S,S,,,,,E,E,,S,,S,S,,,,,,,,,S,,,,,,,,,,,,,,,,S,S,,,,E,,,,,,,E,S,,S,,,,,S,,,,,S,,,,,E,,S,S,S,,S,S,,E,,,,,,,,,,,,E,,,E,,,,E,,S,,E,,,,,,,,,,,,,,,,,,,,,,,,,,E,,E,,,,,,,,,,,,,,,,,,,,,S,,,,,,,,,,,,,,,,,,,E,S,,,,,,,,,,,,,,,S,,,,,E,,,,,,,,,,,,,,,,,,,,,,,,,,,,,,,,,,S,,,,,,,,,,,,,,,,,,,,,,,,,,,,,,,,,,,,,,,,,,,,,,,,,,,,,,,,,,,,,,,,,,,,,,,,,,,,,,,,,,,,,,,,,,,,,,,,,,,,,,,,,,,,,,,,,,,,,,,,,,,,,,,,,,,,,,,,,,,,,,,,,,,,,,,,,,,,,,,,,,,,,,,,,,,,,,,,,,,,,,
12.75,,S,,E,,,,E,,S,E,S,S,,S,,,,S,E,,,,S,,,,,,,S,,,S,,,,,S,,S,,S,,,,,S,,,E,,,,,S,,,,,,E,,,,,,S,,,,,,,,,,,,,,S,,S,,,S,E,,S,S,,,,,,S,,S,,S,,S,,,,,,S,,,,,,,S,S,S,E,S,S,,,,S,,,,,,E,,,,,,,,,,,,,S,,,,,,,,,,,,,,,,,,,,,,,,,,,,,,,,,,,,,S,,,,,,,,,,,,,,S,,,,,,,,S,,,,,,,,,,,,S,,,,,,,,,,,,,,,,,,,,,,,,,,,,,,,,,,,,,,,,,,,,,,,,,,,,,,E,,,,,,,,,,,,,,,,,,,,,,,,,,,,,,,,,,,,,,,,,,,,,,,,,,,,,,,,,,,,,,,,,,,,,,,,,,,,,,,,,,,,,,,,,,,,,,,,,,,,,,,,,,,,,,,,,,,,,,,,,,,,,,,,,,,,,,,,,,,,,,,,,,,,,,,,,,,,,,,,,,,,,,,,,,,,,,S,,,,,,S,,
13,,S,,,,E,E,,S,S,,,,,,S,,S,,,S,,,S,S,E,,,,E,S,E,S,S,E,,,E,,E,S,S,S,S,,,,S,,S,,,,,S,,,,,,,,,E,E,,E,,E,,,,,,S,,S,S,S,,,S,E,E,,,S,,,S,S,,,S,,,S,,E,,S,,S,,S,,,S,,,,,,,,S,,S,,E,E,,,,S,,,,,,,,,,,,,,,,,,,,E,,,,,S,,,,,,,,,,,,,,,,,,,,,,,,,,,,,,,S,,,,,,S,,,,,,,,S,,,,,,S,,S,,,,,,,,,,,,,,,,,,,,,,,,,,,,,,,,,,,,,,,,,,,,,,,,,,,,,,,,,,,,,,,,,,,,,,,,,,,,,,,,,,,,,,,,,,,,,,,,,,,,,,,,,,,,,,,,,,,,,,,,,,,,,,,,,,,,,,,,,,,,,,,,,,,,,,,,,,,,,,,,,,,,,,,,,,,,,,,,,,,,,,,,,,,,,,,,,,,,,,,,,,,,,,,,,,,,,,,,,,,,,,S,S,S,S,,,S,S,S,S,S,S,S,,S,S,,S,S,S,,S,,,S,,
13.25,s,,,,,,S,,,S,,,,,,,,S,,,S,,E,,S,,,E,,,S,,S,,S,E,,S,,,,S,S,,S,S,,,,S,,S,,,S,,,,,S,,,,S,S,,S,,S,,,,S,,S,S,S,S,S,S,S,,,,,,,,,,,S,,S,S,,S,S,,,S,,S,E,S,,,S,,,,,,,,S,E,E,,,,,,,E,,,,S,,,,,,,,,,,,,,,,,,E,,,S,,,,,,,,,,,,,,,,,,,,,,,,,S,,,,,,S,,,,,S,S,,,S,,S,,,S,S,,S,S,S,S,,,,,,,,,,,,,,,,,,,,,,,,,,,,,,,,,,,,,,,,,,,,,,,,,,,,,,,,,,,,,,,,,,,,,,,,,,,,,,,,,,,,,,,,,,,,,,,,,,,,,,,,,,,,,,,,,,,,,,,,,,,,,,,,,,,,,,,,,,,,,,,,,,,,,,,,,,,,,,,,,,,,,,,,,,,,,,,,,,,,,,,,,,,,,,,,,,,,,,,,,,,,,,,,,,,,,,,,,,,,,,,,S,S,S,S,S,S,S,S,S,S,S,S,S,S,S,S,S,S,S,S,S,S,,S,S,S,
13.5,s,,,,S,,S,,,,,E,E,,,,E,,,,,S,S,,,S,,S,S,,S,,S,,E,,,S,,,,,,,S,S,E,,,,,S,,,S,,S,,,S,,,,S,S,S,S,,S,,S,S,S,,,S,,,S,S,S,,,,,S,,,S,E,E,S,,,S,,,S,,S,S,,,,S,,,S,E,S,,S,S,,S,S,,,,,,,,,,,,,S,,,S,,,,,,,S,,,,,E,,,,S,,,,,,S,,S,,,,,,,,,,,,,,,,,,,S,,,,S,,S,,,,,S,E,,,S,,S,,,,S,S,S,S,S,,,S,S,S,,,,,,,,,,,,,,,,,,,,,,,,,,,,,,,,,,,,,,,,,,,,,,,,,,,,,,,,,,,,,,,,,,,,,,,,,,,,,,,,,,,,,,,,,,,,,,,,,,,,,,,,,,,,,,,,,,,,,,,,,,,,,,,,,,,,,,,,,,,,,,,,,,,,,,,,,,,,,,,,,,,,,,,,,,,,,,,,,,,,,,,,,,,,,,,,,,,,,,,,,,,,,,S,,,,,,,,,,,,,,S,S,S,S,S,S,S,S,S,S,S,S,S,S,S,S,S,S,S,S,S,S,,S,S,S,
13.75,,,E,E,S,,S,,E,,,,,,,,S,,,S,,S,S,E,,S,,S,S,E,S,,S,,,,,S,,,,,,,S,S,S,,,,,,,E,,,S,,,,,,S,,S,E,,E,,,S,S,,S,,S,,,E,S,S,,,,,S,E,,S,,,S,S,,S,,E,,,S,E,S,E,,E,,,S,,S,,S,,,S,S,,,,,,,S,,,S,S,S,E,,,S,,,,,,,S,,,,,,,,,,,,,S,,S,,S,S,,,,,,,,,S,S,,,,,,,,S,S,,,S,,,,,,,S,,S,,S,,S,,,E,,S,S,S,,E,,S,S,S,E,,,E,S,,,,,,,,,,,,,,E,,,,,,,,,,,,,,,,,,,,,,,,,,,,,,,,,,,,,,,,,,,,,,,,,,,,,,,,,,,,,,,,,,,,,,,,,,,,,,,,,,,,,,,,,,,,,,,,,,,,,,,,,,,,,,,,,,,,,,,,,,,,,,,,,,,,,,,,,,,,,,,,,,,,,,,,,,,,,,,,,,,,,,,,,,,,,,,,,,,,,,,,,,,S,,,,,,,,,,,,,,S,S,S,S,S,S,S,S,,S,S,S,S,S,S,S,S,S,S,S,S,S,,S,S,S,
14,e,E,S,S,,,,S,,E,E,,,S,E,,S,E,,S,,,S,,,,E,,S,S,,S,S,E,,,,,,,,E,E,,,E,S,E,,,,,S,S,E,,,,,,,S,S,,,S,,,,,E,,E,,E,S,,,,S,E,,,,,,,S,S,,,S,S,,S,,,E,,,,,,,,S,S,S,,S,,S,,,S,S,,,,,,,S,S,,S,S,S,,S,,,,,,,,,S,S,,,,,,,S,S,,,S,S,,S,,S,S,S,,,,,,,,S,S,S,,S,,,,,S,S,,E,S,,,S,S,,,S,,S,E,S,S,S,,,,E,,S,S,,,,S,S,,,,,,S,E,,,E,,E,,,,,,,,,,,,,,,,,,,,,,,,,,,,,,,,,,,,,,,,,,,,,,,,,,,,,,,,,,,,,,,,,,,,,,,,,,,,,,,,,,,,,,,,,,,,,,,,,,,,,,,,,,,,,,,,,,,,,,,,,,,,,,,,,,,,,,,,,,,,,,,,,,,,,,,,,,,,,,,,,,,,,,,,,,,,,,,,,,,,,,,,,,,,,,,,,,,S,,,,,,,,,,,,,,S,S,S,S,S,S,S,S,,S,S,S,S,S,S,S,S,S,S,S,S,S,,S,,S,
14.25,s,,S,S,,S,,S,E,,,,,S,,E,,,E,S,,,S,,E,,,S,S,S,,S,S,,,S,S,,,,,,,,,,,S,,,S,E,S,,,,,E,,,,S,,,,,,,,,,E,,,,,E,,,S,,E,,,,,,S,S,,,S,,E,S,,,,,,,E,,,,S,S,,,,S,S,E,,S,S,,,,,,,S,S,,S,E,S,,S,,S,S,S,,,,,S,S,,,,,,S,S,S,,E,S,S,,S,S,S,S,S,S,S,,,,,,S,S,S,S,S,,,,,,,,,S,,E,S,S,,,E,,,,,S,E,,S,,,E,E,S,E,,S,E,S,E,,,,,S,,,E,,E,,E,E,,,,,,,,,,,,,E,,,,,,,,,,,,,,,,,,,,,,,,,,,,,,,,E,,,,,,,,,,,,,,,,,,,,,,,,,,,,,,,,,,,,,,,,,,,,,,,,,,,,,,,,,,,,,,,,,,,,,,,,,,,,,,,,,,,,,,,,,,,,,,,,,,,,,,,,,,,,,,,,,,,,,,,,,,,,,,,,,,,,,,,,,,,,,,,,,,,,S,,,,,,,,,,,,,,S,S,,S,S,S,S,S,,S,S,S,,S,,S,S,S,S,S,S,S,,,,S,
14.5,s,S,,S,,,E,,S,,S,E,S,S,,,,,S,,E,E,,S,,S,,S,S,S,E,S,S,,,S,S,,,S,,,,S,E,,,S,S,,,,,,,,E,,E,,S,S,E,S,,,,,,S,,,,,,E,,E,,,,,,,,,,,S,,,E,E,,S,S,,,,E,,,,,,S,,E,,E,S,S,,,,,,,,,,,S,,,S,,S,,,,S,S,S,S,,S,,E,S,,,,,,S,S,,S,,S,S,S,S,S,S,S,,S,S,,,S,,S,,,E,S,S,,,,,,E,S,,,,,S,S,,E,,,,,E,S,,,S,,,,,E,,,S,,E,,,E,E,,S,,E,,,,,,,E,,,E,E,,E,,,E,,,,,E,E,,E,E,,E,,E,,E,E,E,E,,,E,E,,e,e,,e,,E,E,E,,,E,,E,E,E,e,Drop feed,,,,,,,,,,,,,,,,,,,,,,,,,,,,,,,,,,,,,,,,,,,,,,,,,,,,,,,,,,,,,,,,,,,,,,,,,,,,,,,,,,,,,,,,,,,,,,,,,,,,,,,,,,,,,,,,,,,,,,,,,,,,,,,,,,,,,,,,,,,,,,,S,,,,,,,,,,,,,,S,S,S,S,S,S,S,S,,S,S,S,,S,S,,S,S,S,,,,,,,S,
14.75,s,,,S,,,,,S,,,S,S,E,,S,,,S,,S,,,S,,S,S,S,E,S,,S,E,,S,S,E,,,,E,,,S,,,,S,S,,,,,,,S,,,,,,,,S,,,,S,,S,,,,E,,,,,,E,,,S,,E,,,E,,,,,,,S,S,,,S,,,,,S,,S,S,,,,S,E,,,E,E,,,S,,,,S,E,,S,,E,,S,,S,S,S,S,,S,,,S,S,,,,S,S,S,E,S,,S,S,S,E,S,E,E,S,S,S,,S,S,E,S,E,E,,S,,E,S,,E,E,,S,,E,,,S,S,,,,,E,,,,,,S,,,,,,,,S,,,,,,,,E,,,,,,,,,,E,E,,,,,E,E,,E,E,,E,,,E,,,E,,E,,E,,,,,,,,,,,,E,,E,,,,E,e,,,,,,,,,,,,,,,,,,,,,,,,,,,,,,,,,,,,,,,,,,,,,,,,,,,,,,,,,,,,,,,,E,,,,,,,,,,,,,,,,,,,,,,,,,,,,,,,,,,,,,,,,,,,,,,,,,,,,,,,,,,,,,,,,,,,,,,,,,,,,,,,,,,,,,,,,,,,,,,,,,,,,S,S,S,S,S,S,S,S,,,S,S,,,,,S,S,S,,,,,,,,
15,,S,E,S,E,E,,E,S,S,S,S,,,,S,,,,E,,,,S,,S,S,,,S,,S,,S,S,,S,,E,,S,S,S,,,,,S,,E,,E,E,,,S,,,S,E,E,E,,,E,,,S,,,,,,S,S,,,,,,,,S,,,E,S,,E,,,,,,E,,,S,S,,,,,S,,S,S,,,,S,,,S,,,S,,S,S,S,S,,,,,,,,S,,E,S,S,S,E,,,,S,S,,E,,S,S,,,S,S,S,,,,S,,,S,,S,,S,S,,S,,,,S,E,,S,S,,,,S,,,E,,,,S,,,,,,,E,,,S,,,,,,,,E,,,,,,,S,,,,,,,,,,,,,,,,,,,,,,,,,,,,,,,,,,,,,,E,E,,,E,,,,,,,,,,,,,,,,,,,,,,,,,,,,,,,,,,,,,,,,,,,,,,,,,,,,,,,,,,,,,,,,,,,,,,,,,,,,,,,,,,,,,,,,,,,,,,,,,,,,,,,,,,,,,,,,,,,,,,,,,,,,,,,,,,,,,,,,,,,,,,,,,,,,,,,,,,,,,,,,,,,,,,,,,,,,,,S,,S,,,,S,S,,,,,,,,,,,,,,,,,,S,
15.25,,S,,S,,,,,,S,S,S,E,,S,S,E,S,,,S,,,,,S,S,,,S,,S,,S,S,,,,S,,,S,S,E,,,,S,E,,,S,,,,,S,,S,S,,,,E,,,E,,,E,S,,S,S,S,,,,,,,S,S,S,,,S,,,,,,,,,E,,S,S,,,,,S,,,S,,,,S,,,S,,,S,,S,S,S,S,E,,,E,,,,,,,S,S,S,,E,S,,,,S,,S,,E,,,S,S,E,E,,,,,,E,E,,S,S,S,,S,,,,S,,,S,S,,,,S,,,,,,E,S,,,,,,,,,,E,,,,,,,,,,,,,,,S,,,,,,,E,,,,,,,,E,,,,,,,,,,,,,,,,,,,,,,,,,,,,,,,,,,,,,,,,,,,,,,,,,,,,,,,,,,,,,,,,,,,,,,,,,,,,,,,,,,,,,,,,,,,,,,,,,,,,,,,,,,,,,,,,,,,,,,,,,,,,,,,,,,,,,,,,,,,,,,,,,,,,,,,,,,,,,,,,,,,,,,,,,,,,,,,,,,,,,,,,,,,,,,,,,,,,,,,,,,,S,,,,S,,,,,,,,,,,,,,,,,,,S,
15.5,,,,S,S,,,S,,,,S,E,,S,S,S,S,,,S,E,S,,S,,S,E,,,,E,,S,S,,,S,S,E,S,,S,,,,,,,S,E,S,,,S,,S,S,S,S,,,,,,S,S,,E,,S,,,,S,,S,S,,,,,,S,S,S,S,,,,,,,S,,,,,,,,,,S,,E,E,,,,E,,,,,,S,S,S,S,S,E,,,,,,,,E,E,,,S,S,,,S,,E,E,S,,S,,,,,S,,,,E,,E,,,,,E,S,S,S,,,,,,S,,,S,E,S,,,E,,,,,,,S,,,,,,,,,,,,,,,,,,,,,,S,,,S,,,,,,,,,,,,,,,,,,,,,,,,,,,,,,,,,,,,,,,,,,,,,,,,,,,,,,S,,,,,,,,,,,,,,,,,,,,,,,,,,,,,,,,,,,,,,,,,,,,,,,,,,,,,,,,,,,,,,,,,,,,,,,,,,,,,,,,,,,,,,,,,,,,,,,,,,,,,,,,,,,,,,,,,,,,,,,,,,,,,,,,,,,,,,,,,,,,,,,,,,,,,,,,,,,,,,,,,,,,,,,,,,,,,,,,,,,,,,,,,,,,
15.75,e,,,S,S,S,S,S,E,,,,E,,,S,S,S,,,S,S,S,,S,E,,,,,S,,,S,S,E,,E,,,S,,,,,,E,,,S,,S,,,S,E,S,S,S,,,,,,S,S,S,,S,,,S,,,S,S,S,S,S,,S,,E,S,S,S,,,,S,S,,,,,,E,,E,,,S,,S,,,,,,,,,S,E,,,S,S,S,S,S,,,,,,,,,,,,E,S,E,,,S,,,,E,S,S,E,,E,,S,S,,,,,,,,,,,E,S,E,S,E,,,,E,,S,,,S,,,,,,,,E,,S,,,,,,,,,E,,,,,,,,,,,,,S,,,S,,S,,S,,,,,,,,S,S,,S,,,,,,,,,,,,,,,S,,,,,,S,,,,,,,,,,,,S,,S,,,,S,,,,,,,,,,,,,,,,,,,,,,,,,,,,,,,,,,,,,,,,,,,,,,,,,,,,,,,,,,,,,,,,,,,,,,,,,,,,,,,,,,,,,,,,,,,,,,,,,,,,,,,,,,,,,,,,,,,,,,,,,,,,,,,,,,,,,,,,,,,,,,,,,,,,,,,,,S,,,,,,S,,,,,,,,,,,,,,,,,,,,,,,,,,,,,
16,,,E,,,S,S,S,,E,E,E,,E,,S,S,S,,S,S,S,S,S,,,,,,,S,,,S,E,,,,,,,E,,,,,S,,,,,,,E,S,,S,,,,S,,S,,S,E,S,,,,E,S,E,,,S,E,,S,,S,E,,E,,,E,,,S,S,,S,,,,,E,,,,S,S,,,,,S,E,S,,,S,,,,S,,S,S,S,,,,,,,,S,,,,,E,,S,,E,,,,,S,S,,,,,,S,,,,,,,,,,,,E,,S,,,,,,,S,E,,,,,,,,,,,,E,S,,,,S,,,,,,,,,,,,,,,,,S,S,S,,,S,S,S,S,,S,S,S,,S,S,S,S,S,S,,,S,S,,,,,S,,S,S,,S,,,S,S,S,S,,,,S,S,,S,S,S,S,S,S,S,S,S,,,S,S,,S,S,,,S,,S,,S,S,,S,S,,,S,,,S,,S,S,,,s,S,,S,S,S,,,S,S,S,S,,,S,,S,S,S,,,,,,S,S,S,,,,S,S,,,,,S,S,,S,S,S,S,,S,,S,S,,S,S,,S,,S,,S,S,S,,,,,,S,S,S,S,,,,S,S,,S,S,S,,S,S,S,S,S,S,,,,S,S,S,S,,S,S,,S,,S,,S,S,S,S,S,S,S,S,,,S,S,S,S,S,,S,S,,,,S,,,,,,S,,S,S,,S,S,,,,,,,,,,,,,,,,,,,,,,,,,,,,,
16.25,,E,S,E,,,E,S,,E,E,,,S,E,S,S,E,,S,,,E,S,,,,,,,S,,,S,,,,,,,,,E,,,E,,,,,S,,S,,,,,,,,S,S,S,,,S,,E,,,,S,S,,,S,,,S,,S,,,,S,,,,,,,,S,,,,,,,S,,,S,E,S,,,S,,S,,,S,,,,E,E,E,,E,,,,E,,S,,S,,,,,,,S,,,,,,,,S,,,,E,E,,,,,,,,,,,,,,,S,,,,,,,S,,,E,,,,,,S,,,,,S,,,,S,,,,,,,,,,,,,,,,,S,S,S,,,S,S,S,S,,S,S,S,,S,S,S,S,S,S,S,S,S,S,S,S,S,S,S,S,S,S,S,S,S,S,S,S,S,S,S,S,,S,S,S,S,S,S,S,S,S,S,S,S,S,,S,S,S,S,S,S,S,S,S,S,,S,S,S,S,S,,S,S,S,,S,S,S,S,S,S,S,S,S,S,S,S,,S,S,S,S,S,S,,S,S,S,S,S,S,S,S,S,,S,S,S,S,S,S,S,S,,S,S,S,S,S,S,S,S,S,S,S,S,S,S,S,S,S,S,S,S,S,S,S,S,S,S,,S,S,S,S,S,S,S,S,,S,,S,S,S,S,S,S,S,S,S,S,S,S,S,S,S,,S,S,S,S,S,S,S,S,S,S,S,S,S,S,S,S,S,S,S,S,,S,S,S,S,S,S,S,S,S,,S,S,S,,S,S,S,S,S,S,S,S,,S,S,S,,,,,,,,,,,,,,,,,,,,,,,,,,,,
16.5,s,,S,,,,,E,,,,,,S,,S,,,S,S,,,,S,,,E,,,E,S,S,S,S,,S,,,S,,,,,S,E,S,S,E,,,S,E,S,,E,E,,,,E,,S,E,,,S,,S,,,,,S,,,,,,E,,,,,,S,,,,S,E,E,S,,E,,,,,,S,S,,E,,S,,,,,S,,,,,,,,,,E,,,,,,,,,,,,,,,,S,,,,,,,,S,,,,,,,,,,,,,,,,,,,,S,,,,,,,S,,,,,,,,,S,,,,,S,,,,S,,,,S,,S,S,,,,S,,,,,,S,S,S,,,S,S,S,S,S,S,S,,S,S,S,S,S,S,S,S,S,S,S,S,S,S,S,S,S,S,S,S,S,S,S,S,S,S,S,S,S,S,S,S,S,S,S,S,S,S,S,S,S,S,S,S,,S,S,S,S,S,S,S,S,S,,S,S,S,S,S,S,S,S,S,S,S,S,S,S,S,S,S,S,S,S,S,S,S,S,S,S,S,S,S,S,S,S,S,S,S,S,S,S,S,S,S,S,S,S,S,S,S,,S,S,S,S,S,S,S,S,S,S,S,S,S,S,S,S,S,S,S,S,S,S,S,S,S,S,S,S,S,S,S,S,S,S,S,S,,S,,S,S,S,S,S,S,S,S,S,S,S,S,S,S,S,S,S,S,S,S,S,S,S,S,S,S,S,S,S,S,S,S,S,S,S,S,S,S,S,S,S,S,S,S,S,S,S,S,S,S,,S,S,S,S,S,S,S,S,,S,S,S,S,,,,,,,,,,,,,,,,,,,,,,,,,,,
16.75,s,,S,,E,E,,,S,,,,,S,,,,,S,,,,,S,S,,,,S,,S,S,S,,,S,S,,S,S,E,,,S,S,,S,S,,,,S,,,,,E,E,,s,,,,,,S,,S,,S,,E,,,,,,,,S,E,,,,,,,S,S,,,S,E,,S,,S,,,S,,E,,,E,,,,,S,,,,,,,,,,,,,,,S,,,,S,,,,,,,S,,,S,,,,,S,,,,,,,,,,,,,,,,,,,,,,,S,S,,,,,,,,,,S,,S,,,,,S,,,,S,,,,S,,S,S,,,,,S,,,,,,S,S,,,S,S,S,S,S,S,S,,S,S,S,S,S,S,S,S,,S,S,S,S,S,S,S,,S,S,S,S,S,S,S,S,S,S,S,S,S,S,S,S,S,S,S,S,S,S,S,S,S,S,S,,S,S,S,S,S,S,S,S,,S,S,S,S,S,S,S,S,S,S,S,S,S,S,S,S,S,S,S,S,S,S,S,S,S,S,S,S,S,S,S,S,S,S,S,S,S,S,S,S,S,S,S,S,S,S,S,S,S,S,S,S,S,,S,S,S,S,S,S,S,S,S,S,S,S,S,S,S,S,S,S,S,S,S,S,S,S,S,S,S,S,S,S,S,S,S,S,S,S,S,S,S,S,S,S,S,S,S,S,S,S,S,,S,S,S,,S,S,S,S,S,S,S,S,S,S,S,S,S,S,S,S,S,S,S,S,S,S,S,S,S,S,S,S,S,S,,S,S,S,S,S,S,S,S,,S,S,S,S,,,,,,,,,,,,,,,,,,,,,,,,,,,
17,s,,,,,,,,S,,,,,,,E,,,S,,,,,E,E,S,S,S,E,S,,S,,E,,S,S,,S,S,,,,,,,S,,,E,,S,,,,,,,E,S,E,E,,S,,S,,S,S,S,,,,,E,,,E,,S,,,,,,,,S,,,,S,,,,,S,,,,E,,,,,,,E,S,S,,S,E,,,S,,,,,,,,,S,,,,S,,S,,,,,S,,,S,,,,,S,,,,,,,,,,,,,,,,,,,,,,,S,S,,,E,,,S,,,,S,,S,S,,,,S,,S,,,,,,S,,S,,,,,E,S,,,,E,E,S,S,E,,S,S,S,S,S,S,S,E,S,S,S,S,S,S,S,S,E,S,S,,S,E,S,S,,E,S,S,S,S,S,S,S,S,S,S,S,S,,S,S,S,S,S,S,S,,,,S,S,S,,S,S,E,S,S,,S,E,,S,,S,S,,S,E,S,,S,S,S,S,S,S,S,S,S,S,S,,,S,S,S,S,S,,S,S,S,E,S,S,S,S,S,S,S,S,,,,,S,S,S,,,S,,S,S,,,S,S,,,S,S,S,S,,S,S,S,,S,,S,,S,S,,S,,S,S,S,S,,S,S,,S,S,S,,S,S,S,S,,S,S,S,S,,S,S,S,S,,,,S,,S,S,S,S,S,S,S,S,,S,S,S,S,S,S,S,S,S,S,S,,,S,S,S,,S,S,S,S,,S,S,S,,,S,S,S,,S,,S,S,,,,,,,,,,,,,,,,,,,,,,,,,,,
17.25,,S,,,E,S,,,,,,S,S,E,,,E,,,,E,,,,,S,S,S,,S,E,S,,,,,S,,,,,,,E,S,,,,,,,S,E,S,,,,S,,,,,,S,,S,E,,S,,,,,E,,,,,,S,,S,,,,S,,E,,,,,,,,S,,,,E,,,,,,,,,S,S,,S,,,S,S,,,,,,,S,,,,,S,S,,S,S,,,,S,S,,S,,,,,E,,,,,,E,,,,S,,S,,,,,,,,,,S,S,S,,,,,,S,S,S,,S,S,S,S,,S,,E,S,S,S,E,,,S,,,E,,S,,S,,E,,S,,,,S,S,,,S,S,,S,S,S,S,S,S,S,S,E,S,S,S,E,,S,,E,S,S,E,S,,,E,E,E,,E,,S,S,S,S,S,S,E,S,S,S,S,S,E,S,E,E,E,S,S,S,E,E,S,,S,E,E,E,S,S,E,E,S,E,E,E,,S,E,,S,,S,,E,S,,,,S,,E,S,S,E,E,E,E,,S,S,,,E,S,,,S,,S,,,,,S,,S,,,,,S,,S,,,,,,,,,S,,,S,,,,,,,S,,,,,,S,,S,,,,,S,,,,,S,,S,,,,,,,,,,S,,,,,,S,,S,,,S,S,,,,,,,,S,S,S,,,S,,,,,,,S,S,,,,,,,,,S,,,,,,S,,,,,,,,,,,,,,,,,,,,,,,,,,,,
17.5,,,E,,S,,E,,,,S,,S,,E,,,,E,,S,,,,,,,,,,,S,E,,,,S,S,,,,S,S,,S,,,,,S,E,,,,,,,S,,,,,,,,,,,,E,,,,,,,,,,,,S,S,,E,S,,,E,,,E,,,S,S,,S,,,,,,,,,,,,S,,,,,S,,,,,,,S,,S,,S,,S,S,,,S,,,,E,S,,S,S,,,,,,,,,,,,S,S,S,,S,S,S,S,,,,,E,,S,E,E,,S,,,,,S,S,,S,S,E,S,,S,,,S,S,S,,S,S,S,,S,,E,E,S,S,S,,,S,S,,,S,E,,S,,E,E,E,S,,,S,S,E,E,,E,E,E,,,S,E,,,S,,S,E,,,,,E,,E,E,E,,E,E,E,S,E,E,E,E,E,,E,,,,S,E,E,,,S,,E,,,,,E,,,,,,,,E,,E,E,E,E,E,,E,E,E,E,E,E,,,E,,,,,E,E,S,,E,,Drop feed,,,,,,,,,,,,,,,,,S,,,,,,,,,,,,,,,,,,,,,,,,,,,,,,,,,,,,,,,,,,,,,,,,,,,,,,,,,,,,,,,,,,,,,,,,,,,,,,,,,,,,,,,,,,,,,,,,,,,,,,,,,,,,,,,,,,,,,,,,,,,,,,,
17.75,,,,S,S,,S,,,S,S,S,,,S,,,S,,E,S,S,,,,,,E,,,,S,,,S,,S,S,E,E,S,S,S,,S,,,,E,S,,,,,,S,,,S,,,,,E,E,,,,,,,,,,,,,,,E,,,S,,,S,,,,,,,,S,S,,,S,S,,,,,,,,S,,,,S,,,S,S,E,,,,,,S,,S,,S,E,S,E,S,S,S,S,,,,E,,E,S,,,,,,S,S,S,,,,S,S,E,S,,S,S,S,,,,,,,E,,,,S,,,,,,E,,S,S,,,,,S,,,S,S,,S,S,S,,e,,,,S,S,S,S,,S,S,,,E,,,S,E,,,,S,E,E,S,S,,,,,,,,,E,,,E,S,,E,,,,,,,,,,,E,,,,,,,,,,,,,,,E,,,,,E,,,,,,,,,,E,,,,,,,,,,,,,,,,,,,,E,,,,,,,,E,,,,,,,,,,,,,,,,,,,,,,,,,,,,,,,,,,,,,,,,,,,,,,,,,,,,,,,,,,,,,,,,,,,,,,,,,,,,,,,,,,,,,,,,,,,,,,,,,,,,,,,,,,,,,,,,,,,,,,,,,,,,,,,,,,,,,,,,,,,,,,,,,,,,
18,e,,,S,S,,S,S,E,S,,,E,,,,,S,,,,S,,,,,,,,,,,,,S,,E,,,,S,S,,,S,E,E,,,S,,,,,,S,,,S,,S,,,,,,,,,,S,,,,S,,,,,,,,S,S,,E,,,,,,,,S,E,E,E,S,S,,,,S,,,,S,,,E,S,,,S,S,,,,,,,,E,S,,E,,S,,S,,S,,,,,,,,,S,,,,S,S,S,,,,,,,,S,E,S,E,,S,,E,,,,,,,,E,,,,E,E,,,E,S,,E,S,E,S,,E,S,E,,S,E,S,E,,,,,E,E,S,S,S,S,E,,,,,,E,,,,,E,,,,E,,,,,,,,,,,,,,,,,,,,,,,,,,,,,,,,,,,,,,,,,,,,,,,,,,,,,,,,,,,,,,,,,,,,,,,,,,,,,,,,,,,,,,,,,,,,,,,,,,,,,,,,,,,,,,,,,,,,,,,,,,,,,,,,,,,,,,,,,,,,,,,,,,,,,,,,,,,,,,,,,,,,,,,,,,,,,,,,,,,,,,,,,,,,,,,,,,,,,,,,,,,,,,,,,,,,,,,,,,,,,,,,,,,,,,,,
18.25,,S,,E,,,,S,,E,,,,,,,,E,,S,,E,S,S,S,E,,,,E,,E,S,,,E,,,,,S,,E,,S,,,,,,,,,S,S,,,,,,S,,S,,,,,,E,,S,,E,,,,E,,S,,,,E,S,,,S,,,S,S,,,S,,,,E,,,,S,S,S,,E,E,,,,E,,,S,,,S,S,,S,,E,,S,,,,E,,,E,S,E,S,S,,,,,E,S,S,E,,S,E,E,S,,,S,E,,,E,,E,,E,S,S,,S,,S,,,,,,,S,S,,,,E,,E,,,E,,E,,,E,,,E,,E,,,,,,,,,,S,E,,,,,,,,,,,,,,,,,,,,,,,,,,,,,,,,,,,,,,,,,,,,,,,,,,,,,,,,,,,,,,,,,,,,,,,,,,,,,,,,,,,,,,,,,,,,,,,,,,,,,,,,,,,,,,,,,,,,,,,,,,,,,,,,,,,,,,,,,,,,,,,,,,,,,,,,,,,,,,,,,,,,,,,,,,,,,,,,,,,,,,,,,,,,,,,,,,,,,,,,,,,,,,,,,,,,,,,,,,,,,,,,,,,,,,,,,,,,,,,,,,,,,,,,
18.5,,S,,,,S,,E,,,E,E,,S,,S,,,S,S,,,S,S,S,,,,,,,,S,,,,,E,,,,,,S,S,S,,S,,,,,,S,S,E,S,,,,S,,S,,,,S,E,,,S,S,S,,,,,,S,,,E,,E,,,S,,S,S,S,,,,,E,,,,,,S,S,S,,,,,,,,,S,S,,,S,S,,S,,,,E,,,,,,,,E,,S,S,,,S,,,S,,,,,,,S,S,,E,,E,,,,,,,E,E,,S,,E,,,,E,,,E,E,,,,,,,,,,,,,,,,,,,,,,,,,,,,,E,,,,,,,,,,,,,,,,,,,,,,,,,,,,,,,,,,,,,,,,,,,,,,,,,,,,,,,,,,,,,,,,,,,,,,,,,,,,,,,,,,,,,,,,,,,,,,,,,,,,,,,,,,,,,,,,,,,,,,,,,,,,,,,,,,,,,,,,,,,,,,,,,,,,,,,,,,,,,,,,,,,,,,,,,,,,,,,,,,,,,,,,,,,,,,,,,,,,,,,,,,,,,,,,,,,,,,,,,,,,,,,,,,,,,,,,,,,,,,,,,,,,,,,,,
18.75,s,,S,,,S,,E,,,,,,S,E,S,,,S,S,,,,,S,,,,,,,,,,E,,,,,,,E,,S,S,,,E,,,,,,E,S,,S,,,,,S,,,,E,S,S,,S,,S,,S,,,,S,S,,S,,,,S,,E,,S,E,E,,S,E,,,,,E,S,,E,E,E,,S,,,,,,,S,E,E,,,,E,S,,,,,E,,,,,E,,,,E,E,,,E,,,E,E,,,E,,,E,S,,,,,,,,,,,,,,E,,,,,,,,,,,,,,,,,,,,,,,,,,,,,,,,,,,,,,,,,,,,,,,,,,,,,,,,,,,,,,,,,,,,,,,,,,,,,,,,,,,,,,,,,,,,,,,,,,,,,,,,,,,,,,,,,,,,,,,,,,,,,,,,,,,,,,,,,,,,,,,,,,,,,,,,,,,,,,,,,,,,,,,,,,,,,,,,,,,,,,,,,,,,,,,,,,,,,,,,,,,,,,,,,,,,,,,,,,,,,,,,,,,,,,,,,,,,,,,,,,,,,,,,,,,,,,,,,,,,,,,,,,,,,,,,,,,,,,,,,,,,,,,,
19,,,S,,E,,,,,,,,,E,S,,E,,S,,,,,,,,E,,E,,,,,S,,,,,S,,E,,,S,,E,S,,,,,E,S,,,,,E,E,E,E,S,E,,S,,E,,,,,E,,S,E,,S,S,E,,E,,,,S,,,E,E,,,,E,,,,,,,S,,,,,S,S,,,,,,,S,,,,E,E,,E,,,,,,,,,,,,,,,,,,,,,,,,,,,,,E,,,,,,,,,,,,,,,,,,,,,,,,,,,,S,,,,,,,,,,,,,,,,,,,,,,,,,,,,,,,,,,,,,,,,,,,,,,,,,,,,,,,,,,,,,,,,,,,,,,,,,,,,,,,,,,,,,,,,,,,,,,,,,,,,,,,,,,,,,,,,,,,,,,,,,,,,,,,,,,,,,,,,,,,,,,,,,,,,,,,,,,,,,,,,,,,,,,,,,,,,,,,,,,,,,,,,,,,,,,,,,,,,,,,,,,,,,,,,,,,,,,,,,,,,,,,,,,,,,,,,,,,,,,,,,,,,,,,,,,,,,,,,,,,,,,,,,,,,,,,,,,
19.25,,E,,,E,E,E,,E,,,,S,,S,E,E,,,,,,E,E,E,,,,S,,,,,,,,,,S,,,,,,E,S,S,,,E,S,,S,,E,,,,,S,,,,S,,,,,,E,E,,,,,E,,S,,,,,,,,,,,,,,,,,,,,,,,,,,,S,,,,,,,,,,,,,,,,E,,,,,,,,,,,,,,,,,,,,,,,,,,,,,,,,,,,,,,,,,,,,,,,,,,,,,,,,,,,,,,,,,,,,,,,,,,,,,,,,,,,,,,,,,,,,,,,,,,,,,,,,,,,,,,,,,,,,,,,,,,,,,,,,,,,,,,,,,,,,,,,,,,,,,,,,,,,,,,,,,,,,,,,,,,,,,,,,,,,,,,,,,,,,,,,,,,,,,,,,,,,,,,,,,,,,,,,,,,,,,,,,,,,,,,,,,,,,,,,,,,,,,,,,,,,,,,,,,,,,,,,,,,,,,,,,,,,,,,,,,,,,,,,,,,,,,,,,,,,,,,,,,,,,,,,,,,,,,,,,,,,,,,,,,,
19.5,,,,,,E,,,,,,,S,,S,,S,,E,,,,,,,,,,,,E,,,,,,S,S,,S,,,,,,S,,,,,S,S,,,,,E,,,,,,,,,,,,,,,,,,,,,E,,,,,,,,,,,,,,,,,,,,,,,,,,,E,,,,,,,,,,,,,,,,,,,,,,,,,,,,,,,,,,,,,,,,,,,,,,,,,,,,,,,,,,,,,,,,,,,,,,,,,,,,,,,,,,,,,,,,,,,,,,,,,,,,,,,,,,,,,,,,,,,,,,,,,,,,,,,,,,,,,,,,,,,,,,,,,,,,,,,,,,,,,,,,,,,,,,,,,,,,,,,,,,,,,,,,,,,,,,,,,,,,,,,,,,,,,,,,,,,,,,,,,,,,,,,,,,,,,,,,,,,,,,,,,,,,,,,,,,,,,,,,,,,,,,,,,,,,,,,,,,,,,,,,,,,,,,,,,,,,,,,,,,,,,,,,,,,,,,,,,,,,,,,,,,,,,,,,,,,,,,,,,,,,,,8 oz bottle ,,,,
19.75,,,E,,,,S,,,,S,S,S,,S,,,,,,E,,,,E,,,S,,,,,,,,,,,,S,,,,E,,S,,,,,,,,,,,,,,,,,,,,,,,,,,,,,,S,,,,,,,,,,,,,,,,,,,,,,,,,,,,,,,,,,,,,,,,,,,,,,,,,,,,,,,,,,,,,,,,,,,,,,,,,,,,,,,,,,,,,,,,,,,,,,,,,,,,,,,,,,,,,,,,,,,,,,,,,,,,,,,,,E,,,,E,,,,,,,,,,,,,,,,,,,,,,,,,,,,,,,,,,,,,,,,,,,,,,,,,,,,,,E,,,,,,,,,,,,,,,,,,,,,,,,,,,,,,,,,,,,,,,,,,,,,,,,,,,,,,,,,,E,,,,,,,,,,,,,,,,,,,,,,,,,,,,,,,,,,,,,,,,,,,,,,,,,,,,,,,E,,,,E,,,,,,,,,,,,,,,,,,,,,,,,,,,,,,,,,,,,,,,,8 oz bottle ,,,,,,,,,,,,,,,,,,,,,,,,,,,S,8 oz bottle ,4 oz bottle ,,
20,,,,,,,,E,,,S,,,,S,,,S,,,E,E,,,E,,,,,S,,E,,,,,,,,,,,S,,,,,,,,,,E,,,,,,,,,,,,,,,,,,,,,,E,,,,,,,E,E,E,E,,,,,E,E,E,E,,E,E,E,E,,,E,,,E,,,E,E,E,,,E,E,,E,E,,,E,,E,E,E,E,,E,E,E,E,E,E,E,E,E,E,E,,E,E,E,E,E,E,E,E,E,E,E,,E,E,E,E,E,E,E,,E,E,E,E,E,E,E,e,E,,E,E,E,E,E,,E,e,,,E,,E,E,,,E,,E,E,e,,,E,E,E,E,E,E,E,E,,,E,e,E,,E,E,e,,E,E,E,,,E,E,E,E,,E,,E,,E,,,E,,E,E,E,E,E,,E,E,,,E,E,E,,E,E,E,E,E,,,E,E,,,,E,E,E,,,E,E,E,,E,e,E,E,E,E,,E,E,,E,E,E,E,E,E,E,E,,,,E,e,,E,E,E,,,E,E,,e,,,E,E,E,,,,,,,E,E,,,,E,,,E,E,E,,E,E,E,E,E,E,,E,E,E,E,E,,E,E,E,E,,,,,E,E,E,E,E,,E,E,E,E,E,E,E,,E,E,E,E,E,,,,E,E,,,,E,E,E,,E,E,E,E,E,E,E,E,E,E,E,,E,E,E,E,E,,,E,,,E,,,,,8 oz bottle ,7 oz bottle ,7 oz bottle ,,,7 oz bottle ,7 oz bottle ,7 oz bottle ,6 oz bottle ,6 oz bottle ,7 oz bottle ,8 oz bottle ,,8 oz bottle,8 oz bottle ,7 oz bottle ,6 oz bottle ,,7 oz bottle ,8 oz bottle ,8 oz bottle ,8 oz bottle,S,8 oz bottle ,,,8 oz bottle ,8 oz bottle ,8 oz bottle ,8 oz bottle ,,8 oz bottle ,8 oz bottle ,8 oz bottle ,8 oz bottle ,8 oz bottle ,8 oz bottle ,8 oz bottle ,,8 oz bottle ,6 oz bottle ,8 oz bottle ,7 oz bottle ,6 oz bottle ,7 oz bottle ,7 oz bottle ,,,,S,,,5 oz bottle ,
20.25,E,,,E,,,,E,,E,,,E,,S,,,S,,E,E,E,,,,E,,,E,,E,E,E,E,,E,E,E,E,E,E,,,,E,,,E,E,,,,E,E,E,E,,E,,,E,,E,,E,E,,E,E,,E,E,E,E,E,,E,,E,E,E,E,E,E,E,E,E,E,E,E,E,E,E,E,E,E,E,E,E,,E,,E,E,,E,E,E,E,E,E,E,E,,E,E,,,E,E,E,E,E,E,E,E,E,E,E,E,E,E,E,E,E,E,E,E,E,E,E,,E,E,E,E,E,E,E,E,E,E,E,E,E,,E,E,E,E,E,E,E,E,E,E,E,E,E,E,E,E,E,E,E,E,,E,,E,E,E,E,E,E,E,E,E,E,E,E,E,E,E,E,E,E,E,E,E,E,E,E,E,S,E,E,E,S,E,E,E,,E,E,E,E,E,E,E,E,E,E,E,E,E,E,E,E,E,E,E,E,E,E,E,E,E,E,E,E,E,E,E,E,E,E,E,E,E,E,E,e,E,E,E,E,E,E,E,E,E,,E,E,E,E,E,e,E,E,E,E,E,E,E,E,E,E,E,E,E,E,E,E,E,E,E,E,E,E,E,E,e,E,E,E,E,E,E,E,e,E,E,E,E,E,E,E,E,E,E,E,E,E,E,E,E,E,E,,E,E,E,E,E,E,E,E,E,E,E,E,E,E,,E,E,E,E,E,E,E,E,E,E,E,E,E,E,E,E,E,E,E,E,E,E,E,E,E,E,E,E,E,E,E,E,E,E,E,E,E,E,E,S,E,E,E,,E,E,E,E,E,E,E,,E,E,E,E,E,8 oz bottle ,8 oz bottle ,8 oz bottle ,8 oz bottle ,,,,7 oz bottle ,7 oz bottle ,,,,,,,,8 oz bottle ,S,,,,7 oz bottle ,,,,,S,,8 oz bottle ,7 oz bottle ,,,S,,8 oz bottle ,,S,S,,S,,,8 oz bottle ,S,,S,S,S,,,7 oz bottle ,8 oz bottle ,8 oz bottle ,S,S,S,,
20.5,E,E,,E,E,E,,S,,,,E,,,S,,,S,,E,,S,E,E,,E,E,E,E,,E,,E,E,E,E,E,E,E,E,E,E,,E,E,,E,E,E,E,E,E,S,E,E,E,,E,E,E,E,,E,E,E,E,E,E,E,E,E,E,E,E,S,,E,E,E,E,E,S,,,S,E,E,E,E,,,,E,E,S,,,,E,E,S,E,E,,E,E,S,S,S,E,E,S,S,,S,,E,,S,E,S,,S,S,E,S,S,,S,,S,S,S,S,S,,E,S,,,,,S,S,S,S,S,S,E,S,S,S,S,S,S,S,E,S,,,S,S,,S,,S,E,S,S,S,,S,E,S,S,E,E,S,E,,S,E,E,S,E,S,S,S,E,E,S,S,S,S,S,S,S,S,E,E,S,S,,E,S,S,S,E,S,S,S,E,E,S,,S,S,E,S,E,S,E,S,E,E,S,E,,S,S,,S,E,S,S,E,E,S,S,,E,,,S,S,,E,E,S,,E,E,E,,,S,E,E,S,S,,E,S,S,S,S,S,S,E,,,E,S,S,S,S,,S,S,S,E,E,E,S,S,E,,S,S,E,E,S,S,E,,E,E,S,S,S,E,E,E,E,E,E,,,E,E,E,,E,E,S,,S,E,S,S,S,S,S,,E,S,S,S,,S,E,S,S,S,,E,E,E,E,S,,S,S,S,E,S,,S,S,,S,S,E,S,S,,S,,E,E,E,S,,E,E,E,S,,,E,,S,S,S,,S,S,,,,,E,,,S,S,,E,E,,E,E,,,,S,,S,S,S,,,,S,,,,,,,S,S,,S,,S,,,,S,S,,S,,S,S,S,,S,S,S,S,S,S,S,,S,S,S,S,S,S,S,S,S,S,S,S,S,S,
20.75,,,E,E,E,E,E,S,S,E,E,E,,E,S,E,E,,E,E,,S,E,E,,S,E,E,,,,,,,E,S,,,,S,,E,,E,,,E,S,S,E,E,E,,S,,S,E,S,E,E,,,S,E,S,S,E,S,S,E,S,S,,S,S,E,S,E,S,S,S,S,S,S,S,S,S,S,S,S,S,S,S,S,S,S,S,S,S,E,S,E,S,S,E,S,S,S,S,,S,S,S,E,S,S,E,,S,S,S,S,S,S,S,S,S,S,S,S,S,S,S,S,S,S,S,S,S,S,S,,S,S,S,S,S,S,S,S,S,S,S,S,S,S,S,S,S,S,S,S,S,S,S,S,S,S,S,S,,S,S,S,S,S,E,S,E,S,S,S,,S,S,S,S,S,S,S,S,S,S,S,S,S,S,S,S,S,S,S,S,S,S,S,S,S,S,S,S,S,E,S,S,S,S,S,S,S,S,S,S,S,S,S,S,S,S,S,S,S,S,S,S,,S,S,S,S,S,S,S,S,S,,,S,S,S,,,,S,S,S,S,S,S,S,,,S,S,S,S,S,S,S,S,S,S,S,S,S,S,S,S,S,S,S,,S,S,S,S,S,S,S,S,S,S,S,S,S,S,S,S,S,S,S,,S,S,S,S,S,S,S,S,S,S,S,S,S,S,S,S,S,S,S,S,S,S,S,S,S,S,S,S,S,S,S,S,S,E,S,S,S,S,S,S,S,S,S,S,S,S,S,S,S,S,S,S,S,S,S,S,S,S,S,S,S,S,S,S,S,S,S,S,S,S,S,S,S,S,S,S,S,S,S,S,S,S,S,S,S,E,,S,,,S,S,S,S,S,S,S,S,S,S,S,S,S,S,S,S,S,S,S,S,S,S,S,S,,S,S,S,S,S,S,S,S,S,S,S,S,S,S,S,S,S,S,S,S,S,S,S,S,S,S,S,S,S,S,S,S,S,
21,,E,E,,,S,,S,S,,,E,,,S,E,,E,E,,,S,S,S,,S,S,,,E,S,,,S,,S,S,S,S,S,S,S,E,S,S,E,,S,S,S,S,S,S,S,S,S,E,S,S,S,S,S,S,S,S,S,,S,S,S,S,S,S,S,S,E,S,S,S,S,S,S,S,S,S,S,S,S,S,S,S,S,S,S,S,S,S,S,S,S,S,S,S,S,S,S,S,S,S,S,S,S,S,E,S,S,S,E,S,S,S,S,S,S,S,S,S,S,S,S,S,S,S,S,S,S,S,S,S,S,S,S,S,S,S,S,S,S,S,S,S,S,S,S,S,S,S,S,S,S,S,S,S,S,S,S,S,S,S,S,S,S,S,S,S,S,S,S,S,S,S,S,S,S,S,S,S,S,S,S,S,S,S,S,S,S,S,S,S,S,S,S,S,S,S,S,S,S,S,S,S,S,S,S,S,S,S,S,S,S,S,S,S,S,S,S,S,S,S,S,S,S,S,S,S,S,S,S,S,S,S,S,S,S,S,S,S,S,S,S,S,S,S,S,S,S,S,S,S,S,S,S,S,S,S,S,S,S,S,S,S,S,S,S,S,S,S,S,S,S,S,S,S,S,S,S,S,S,S,S,S,S,S,S,S,S,S,S,S,S,S,S,S,S,S,S,S,S,S,S,S,S,S,S,S,S,S,S,S,S,S,S,S,S,S,S,S,S,S,S,S,S,S,S,S,S,S,S,S,S,S,S,S,S,S,S,S,S,S,S,S,S,S,S,S,S,S,S,S,S,S,S,S,S,S,S,S,S,S,S,S,S,S,S,S,S,S,S,S,S,S,S,S,S,S,S,S,S,S,S,S,S,S,S,S,S,S,S,S,S,S,S,S,S,S,S,S,S,S,S,S,S,S,S,S,S,S,S,S,S,S,S,S,S,S,S,S,S,S,S,S,S,S,S,S,S,S,S,S,S,S,S,S,S,S,S,S,S,S,S,
21.25,S,S,S,,S,S,,S,,S,,,E,,S,E,S,E,,S,S,,S,S,S,S,S,,S,E,S,S,,S,,S,S,S,S,S,S,,E,S,S,,S,S,S,S,S,S,S,S,S,S,E,S,S,S,S,S,S,S,S,S,S,S,S,S,S,S,S,S,S,S,S,S,S,S,S,S,S,S,S,S,S,S,S,S,S,S,S,S,S,S,S,S,S,S,S,S,S,S,S,S,S,S,S,S,S,S,S,S,S,S,S,E,S,S,S,S,S,S,S,S,S,S,S,S,S,S,S,S,S,S,S,S,S,S,S,S,S,S,S,S,S,S,S,S,S,S,S,S,S,S,S,S,S,S,S,S,S,S,S,S,S,S,S,S,S,S,S,S,S,S,S,S,S,S,S,S,S,S,S,S,S,S,S,S,S,S,S,S,S,S,S,S,S,S,S,S,S,S,S,S,S,S,S,S,S,S,S,S,S,S,S,S,S,S,S,S,S,S,S,S,S,S,S,S,S,S,S,S,S,S,S,S,S,S,S,S,S,S,S,S,S,S,S,S,S,S,S,S,S,S,S,S,S,S,S,S,S,S,S,S,S,S,S,S,S,S,S,S,S,S,S,S,S,S,S,S,S,S,S,S,S,S,S,S,S,S,S,S,S,S,S,S,S,S,S,S,S,S,S,S,S,S,S,S,S,S,S,S,S,S,S,S,S,S,S,S,S,S,S,S,S,S,S,S,S,S,S,S,S,S,S,S,S,S,S,S,S,S,S,S,S,S,S,S,S,S,S,S,S,S,S,S,S,S,S,S,S,S,S,S,S,S,S,S,S,S,S,S,S,S,S,S,S,S,S,S,S,S,S,S,S,S,S,S,S,S,S,S,S,S,S,S,S,S,S,S,S,S,S,S,S,S,S,S,S,S,S,S,S,S,S,S,S,S,S,S,S,S,S,S,S,S,S,S,S,S,S,S,S,S,S,S,S,S,S,S,S,S,S,S,S,S,S,S,
21.5,S,S,S,E,,S,,S,E,S,E,S,,E,,,S,S,,S,S,S,S,S,S,S,S,S,S,,S,S,S,S,S,S,S,S,S,S,S,S,S,S,S,S,S,S,S,S,S,S,S,S,S,S,S,S,S,S,S,S,S,S,S,S,S,S,S,S,S,S,S,S,S,S,S,S,S,S,S,S,S,S,S,S,S,S,S,S,S,S,S,S,S,S,S,S,S,S,S,S,S,S,S,S,S,S,S,S,S,S,S,S,S,S,S,S,S,S,S,S,S,S,S,S,S,S,S,S,S,S,S,S,S,S,S,S,S,S,S,S,S,S,S,S,S,S,S,S,S,S,S,S,S,S,S,S,S,S,S,S,S,S,S,S,S,S,S,S,S,S,S,S,S,S,S,S,S,S,S,S,S,S,S,S,S,S,S,S,S,S,S,S,S,S,S,S,S,S,S,S,S,S,S,S,S,S,S,S,S,S,S,S,S,S,S,S,S,S,S,S,S,S,S,S,S,S,S,S,S,S,S,S,S,S,S,S,S,S,S,S,S,S,S,S,S,S,S,S,S,S,S,S,S,S,S,S,S,S,S,S,S,S,S,S,S,S,S,S,S,S,S,S,S,S,S,S,S,S,S,S,S,S,S,S,S,S,S,S,S,S,S,S,S,S,S,S,S,S,S,S,S,S,S,S,S,S,S,S,S,S,S,S,S,S,S,S,S,S,S,S,S,S,S,S,S,S,S,S,S,S,S,S,S,S,S,S,S,S,S,S,S,S,S,S,S,S,S,S,S,S,S,S,S,S,S,S,S,S,S,S,S,S,S,S,S,S,S,S,S,S,S,S,S,S,S,S,S,S,S,S,S,S,S,S,S,S,S,S,S,S,S,S,S,S,S,S,S,S,S,S,S,S,S,S,S,S,S,S,S,S,S,S,S,S,S,S,S,S,S,S,S,S,S,S,S,S,S,S,S,S,S,S,S,S,S,S,S,S,S,S,S,S,S,S,S,S,S,S,
21.75,S,S,S,S,E,,S,S,E,S,,S,S,S,E,E,S,S,,S,E,E,S,S,S,S,S,S,S,,S,S,S,S,S,S,S,S,S,S,S,S,S,S,S,S,S,,S,S,S,S,S,S,S,S,S,,S,S,S,S,S,S,S,S,S,S,S,S,S,S,S,S,S,S,S,S,S,S,S,S,S,S,S,S,S,S,S,S,S,S,S,S,S,S,S,S,S,S,S,S,S,S,S,S,S,S,S,S,S,S,S,S,S,S,S,S,S,S,S,S,S,S,S,S,S,S,S,S,S,S,S,S,S,S,S,S,S,S,S,S,S,S,S,S,,S,S,S,S,S,S,S,S,S,S,S,S,S,S,S,S,S,S,S,S,S,S,S,S,S,S,S,S,S,S,S,S,S,S,S,S,S,S,S,S,S,S,S,S,S,S,S,S,S,S,S,S,S,S,S,S,S,S,S,S,S,S,S,S,S,S,S,S,S,S,S,S,S,S,S,S,S,S,S,S,S,S,S,S,S,S,S,S,S,S,S,S,S,S,S,S,S,S,S,S,S,S,S,S,S,S,S,S,S,S,S,S,S,S,S,S,S,S,S,S,S,S,S,S,S,S,S,S,S,S,S,S,S,S,S,S,S,S,S,S,S,S,S,S,S,S,S,S,S,S,S,S,S,S,S,S,S,S,S,S,S,S,S,S,S,S,S,S,S,S,S,S,S,S,S,S,S,S,S,S,S,S,S,S,S,S,S,S,S,S,S,S,S,S,S,S,S,S,S,S,S,S,S,S,S,S,S,S,S,S,S,S,S,S,S,S,S,S,S,S,S,S,S,S,S,S,S,S,S,S,S,S,S,S,S,S,S,S,S,S,S,S,S,S,S,S,S,S,S,S,S,S,S,S,S,S,S,S,S,S,S,S,S,S,S,S,S,S,S,S,S,S,S,S,S,S,S,S,S,S,S,S,S,S,S,S,S,S,S,S,S,S,S,S,S,S,S,S,S,S,S,S,S,
22,S,S,,S,S,E,S,S,,S,,S,E,S,E,S,S,S,E,S,S,S,S,S,S,S,S,S,S,S,S,S,S,S,S,S,S,S,S,S,S,S,S,S,S,S,S,S,S,S,S,S,S,S,S,S,S,S,S,S,S,S,S,S,S,S,S,S,S,S,S,S,S,S,S,S,S,S,S,S,S,S,S,S,S,S,S,S,S,S,S,S,S,S,S,S,S,S,S,S,S,S,S,S,S,S,S,S,S,S,S,S,S,S,S,S,S,S,S,S,S,S,S,S,S,S,S,S,S,S,S,S,S,S,S,S,S,S,S,S,S,S,S,S,S,S,S,S,S,S,S,S,S,S,S,S,S,S,S,S,S,S,S,S,S,S,S,S,S,S,S,S,S,S,S,S,S,S,S,S,S,S,S,S,S,S,S,S,S,S,S,S,S,S,S,S,S,S,S,S,S,S,S,S,S,S,S,S,S,S,S,S,S,S,S,S,S,S,S,S,S,S,S,S,S,S,S,S,S,S,S,S,S,S,S,S,S,S,S,S,S,S,S,S,S,S,S,S,S,S,S,S,S,S,S,S,S,S,S,S,S,S,S,S,S,S,S,S,S,S,S,S,S,S,S,S,S,S,S,S,S,S,S,S,S,S,S,S,S,S,S,S,S,S,S,S,S,S,S,S,S,S,S,S,S,S,S,S,S,S,S,S,S,S,S,S,S,S,S,S,S,S,S,S,S,S,S,S,S,S,S,S,S,S,S,S,S,S,S,S,S,S,S,S,S,S,S,S,S,S,S,S,S,S,S,S,S,S,S,S,S,S,S,S,S,S,S,S,S,S,S,S,S,S,S,S,S,S,S,S,S,S,S,S,S,S,S,S,S,S,S,S,S,S,S,S,S,S,S,S,S,S,S,S,S,S,S,S,S,S,S,S,S,S,S,S,S,S,S,S,S,S,S,S,S,S,S,S,S,S,S,S,S,S,S,S,S,S,S,S,S,S,S,S,S,S,S,S,S,S,
22.25,S,S,E,S,S,,S,S,S,S,E,S,S,S,S,S,S,S,,S,S,S,S,S,S,S,S,S,S,S,S,S,S,S,S,S,S,S,S,S,S,S,S,S,S,,S,S,S,S,S,S,S,S,S,S,S,S,S,S,S,S,S,S,S,S,S,S,S,S,S,S,S,S,S,S,S,S,S,S,S,S,S,S,S,S,S,S,S,S,S,S,S,S,S,S,S,S,S,S,S,S,S,S,S,S,S,S,S,S,S,S,S,S,S,S,S,S,S,S,S,S,S,S,S,S,S,S,S,S,S,S,S,S,S,S,S,S,S,S,S,S,S,S,S,S,S,S,S,S,S,S,S,S,S,S,S,S,S,S,S,S,S,S,S,S,S,S,S,S,S,S,S,S,S,S,S,S,S,S,S,S,S,S,S,S,S,S,S,S,S,S,S,S,S,S,S,S,S,S,S,S,S,S,S,S,S,S,S,S,S,S,S,S,S,S,S,S,S,S,S,S,S,S,S,S,S,S,S,S,S,S,S,S,S,S,S,S,S,S,S,S,S,S,S,S,S,S,S,S,S,S,S,S,S,S,S,S,S,S,S,S,S,S,S,S,S,S,S,S,S,S,S,S,S,S,S,S,S,S,S,S,S,S,S,S,S,S,S,S,S,S,S,S,S,S,S,S,S,S,S,S,S,S,S,S,S,S,S,S,S,S,S,S,S,S,S,S,S,S,S,S,S,S,S,S,S,S,S,S,S,S,S,S,S,S,S,S,S,S,S,S,S,S,S,S,S,S,S,S,S,S,S,S,S,S,S,S,S,S,S,S,S,S,S,S,S,S,S,S,S,S,S,S,S,S,S,S,S,S,S,S,S,S,S,S,S,S,S,S,S,S,S,S,S,S,S,S,S,S,S,S,S,S,S,S,S,S,S,S,S,S,S,S,S,S,S,S,S,S,S,S,S,S,S,S,S,S,S,S,S,S,S,S,S,S,S,S,S,S,S,S,S,S,S,S,S,S,S,S,
22.5,S,S,S,S,S,S,S,S,S,S,S,S,S,S,S,S,S,S,E,S,S,S,S,S,S,S,S,S,S,S,S,S,S,S,S,S,S,S,S,S,S,S,S,S,S,S,S,S,S,S,S,S,S,S,S,S,S,S,S,S,S,S,S,S,S,S,S,S,S,S,S,S,S,S,S,S,S,S,S,S,S,S,S,S,S,S,S,S,S,S,S,S,S,S,S,S,S,S,S,S,S,S,S,S,S,S,S,S,S,S,S,S,S,S,S,S,S,S,S,S,S,S,S,S,S,S,S,S,S,S,S,S,S,S,S,S,S,S,S,S,S,S,S,S,S,S,S,S,S,S,S,S,S,S,S,S,S,S,S,S,S,S,S,S,S,S,S,S,S,S,S,S,S,S,S,S,S,S,S,S,S,S,S,S,S,S,S,S,S,S,S,S,S,S,S,S,S,S,S,S,S,S,S,S,S,S,S,S,S,S,S,S,S,S,S,S,S,S,S,S,S,S,S,S,S,S,S,S,S,S,S,S,S,S,S,S,S,S,S,S,S,S,S,S,S,S,S,S,S,S,S,S,S,S,S,S,S,S,S,S,S,S,S,S,S,S,S,S,S,S,S,S,S,S,S,S,S,S,S,S,S,S,S,S,S,S,S,S,S,S,S,S,S,S,S,S,S,S,S,S,S,S,S,S,S,S,S,S,S,S,S,S,S,S,S,S,S,S,S,S,S,S,S,S,S,S,S,S,S,S,S,S,S,S,S,S,S,S,S,S,S,S,S,S,S,S,S,S,S,S,S,S,S,S,S,S,S,S,S,S,S,S,S,S,S,S,S,S,S,S,S,S,S,S,S,S,S,S,S,S,S,S,S,S,S,S,S,S,S,S,S,S,S,S,S,S,S,S,S,S,S,S,S,S,S,S,S,S,S,S,S,S,S,S,S,S,S,S,S,S,S,S,S,S,S,S,S,S,S,S,S,S,S,S,S,S,S,S,S,S,S,S,S,S,S,S,S,S,S,S,
22.75,S,S,S,S,S,S,S,S,S,S,S,S,S,,S,S,S,S,,S,S,S,S,S,S,S,S,S,S,S,S,S,S,S,S,S,S,S,S,S,S,S,S,S,S,S,S,S,S,S,S,S,S,S,S,S,S,S,S,S,S,S,S,S,,S,S,S,S,S,S,S,S,S,S,S,S,S,S,S,S,S,S,S,S,S,S,S,S,S,S,S,S,S,S,S,S,S,S,S,S,S,S,S,S,S,S,S,S,S,S,S,S,S,S,S,S,S,S,S,S,S,S,S,S,S,S,S,S,S,S,S,S,S,S,S,S,S,S,S,S,S,S,S,S,S,S,S,S,S,S,S,S,S,S,S,S,S,S,S,S,S,S,S,S,S,S,S,S,S,S,S,S,S,S,S,S,S,S,S,S,S,S,S,S,S,S,S,S,S,S,S,S,S,S,S,S,S,S,S,S,S,S,S,S,S,S,S,S,S,S,S,S,S,S,S,S,S,S,S,S,S,S,S,S,S,S,S,S,S,S,S,S,S,S,S,S,S,S,S,S,S,S,S,S,S,S,S,S,S,S,S,S,S,S,S,S,S,S,S,S,S,S,S,S,S,S,S,S,S,S,S,S,S,S,S,S,S,S,S,S,S,S,S,S,S,S,S,S,S,S,S,S,S,S,S,S,S,S,S,S,S,S,S,S,S,S,S,S,S,S,S,S,S,S,S,S,S,S,S,S,S,S,S,S,S,S,S,S,S,S,S,S,S,S,S,S,S,S,S,S,S,S,S,S,S,S,S,S,S,S,S,S,S,S,S,S,S,S,S,S,S,S,S,S,S,S,S,S,S,S,S,S,S,S,S,S,S,S,S,S,S,S,S,S,S,S,S,S,S,S,S,S,S,S,S,S,S,S,S,S,S,S,S,S,S,S,S,S,S,S,S,S,S,S,S,S,S,S,S,S,S,S,S,S,S,S,S,S,S,S,S,S,S,S,S,S,S,S,S,S,S,S,S,S,S,S,S,S,S,
23,S,S,S,S,S,S,E,S,S,S,S,S,S,,S,S,S,S,S,S,S,S,S,S,S,S,S,S,S,S,S,S,S,S,S,S,S,S,S,S,S,S,S,S,S,S,,S,S,S,S,S,S,S,S,S,S,,S,S,S,,S,S,E,S,S,S,S,S,S,S,S,S,S,S,S,S,S,S,S,S,S,S,S,S,S,S,S,S,S,S,S,S,S,S,S,S,S,S,S,S,S,S,S,S,S,S,S,S,S,S,S,S,S,S,S,S,S,S,S,S,S,S,S,S,S,S,S,S,S,S,S,S,S,S,S,S,S,S,S,S,S,S,S,S,S,S,S,S,S,S,S,S,S,S,S,S,S,S,S,S,S,S,S,S,S,S,S,S,S,S,S,S,S,S,S,S,S,S,S,S,S,S,S,S,S,S,S,S,S,S,S,S,S,S,Fire alarm ,S,S,S,S,S,S,S,S,S,S,S,S,S,S,S,S,S,S,S,S,S,S,S,S,S,S,S,S,S,S,S,S,S,S,S,S,S,S,S,S,S,S,S,S,S,S,S,S,S,S,S,S,S,S,S,S,S,S,S,S,S,S,S,S,S,S,S,S,S,S,S,S,S,S,S,S,S,S,S,S,S,S,S,S,S,S,S,S,S,S,S,S,S,S,S,S,S,S,S,S,S,S,S,S,S,S,S,S,S,S,S,S,S,S,S,S,S,S,S,S,S,S,S,S,S,S,S,S,S,S,S,S,S,S,S,S,S,S,S,S,S,S,S,S,S,S,S,S,S,S,S,S,S,S,S,S,S,S,S,S,S,S,S,S,S,S,S,S,S,S,S,S,S,S,S,S,S,S,S,S,S,S,S,S,S,S,S,S,S,S,S,S,S,S,S,S,S,S,S,S,S,S,S,S,S,S,S,S,S,S,S,S,S,S,S,S,S,S,S,S,S,S,S,S,S,S,S,S,S,S,S,S,S,S,S,S,S,S,S,S,S,S,S,S,S,S,S,S,S,S,S,S,S,
23.25,S,S,S,S,S,S,S,S,S,S,S,S,S,,S,S,S,S,S,S,S,S,S,S,S,S,S,S,S,S,S,S,S,S,S,S,S,S,S,S,S,S,S,S,S,S,E,S,S,S,S,S,S,S,S,S,S,S,S,S,S,E,S,S,S,S,S,S,,S,S,S,S,S,S,S,S,S,S,S,S,S,S,S,S,S,S,S,S,S,S,S,S,S,S,S,S,S,S,S,S,S,S,S,S,S,S,S,S,S,S,S,S,S,S,S,S,S,S,S,S,S,S,S,S,S,S,S,S,S,S,S,S,S,S,S,S,S,S,S,S,S,S,S,S,S,S,S,S,S,S,S,S,S,S,S,S,S,S,S,S,S,S,S,S,S,S,S,S,S,S,S,S,S,S,S,S,S,S,S,S,S,S,S,S,S,S,S,S,S,S,S,S,S,S,S,,S,S,S,S,S,S,S,S,S,S,S,S,S,S,S,S,S,S,S,S,S,S,S,S,S,S,S,S,S,S,S,S,S,S,S,S,S,S,S,S,S,S,S,S,S,S,S,S,S,S,S,S,S,S,S,S,S,S,S,S,S,S,S,S,S,S,S,S,S,S,S,S,S,S,S,S,S,S,S,S,S,S,S,S,S,S,S,S,S,S,S,S,S,S,S,S,S,S,S,S,S,S,S,S,S,S,S,S,S,S,S,S,S,S,S,S,S,S,S,S,S,S,S,S,S,S,S,S,S,S,S,S,S,S,S,S,S,S,S,S,S,S,S,S,S,S,S,S,S,S,S,S,S,S,S,S,S,S,S,S,S,S,S,S,S,S,S,S,S,S,S,S,S,S,S,S,S,S,S,S,S,S,S,S,S,S,S,S,S,S,S,S,S,S,S,S,S,S,S,S,S,S,S,S,S,S,S,S,S,S,S,S,S,S,S,S,S,S,S,S,S,S,S,S,S,S,S,S,S,S,S,S,S,S,S,S,S,S,S,S,S,S,S,S,S,S,S,S,S,S,S,S,S,
23.5,S,S,S,S,S,S,S,S,S,S,S,S,S,,S,S,S,S,S,,S,S,S,S,S,S,E,S,S,S,S,S,S,S,S,S,S,S,S,S,S,S,S,S,S,S,S,S,S,S,S,S,S,S,S,S,S,S,S,S,S,E,S,S,S,S,S,S,S,S,S,S,S,S,S,S,S,S,S,S,S,S,S,S,S,S,S,S,S,S,S,S,S,S,S,S,S,S,S,S,S,S,S,S,S,S,S,S,S,S,S,S,S,S,S,S,S,S,S,S,S,S,S,S,S,S,S,S,S,S,S,S,S,S,S,S,S,S,S,S,S,S,S,S,S,S,S,S,S,S,S,S,S,S,S,S,S,S,S,S,S,S,S,S,S,S,S,S,S,S,S,S,S,S,S,S,S,S,S,S,S,S,S,S,S,S,S,S,S,S,S,S,S,S,S,S,,S,S,S,S,S,S,S,S,S,S,S,S,S,S,S,S,S,S,S,S,S,S,S,S,S,S,S,S,S,S,S,S,S,S,S,S,S,S,S,S,S,S,S,S,S,S,S,S,S,S,S,S,S,S,S,S,S,S,S,S,S,S,S,S,S,S,S,S,S,S,S,S,S,S,S,S,S,S,S,S,S,S,S,S,S,S,S,S,S,S,S,S,S,S,S,S,S,S,S,S,S,S,S,S,S,S,S,S,S,S,S,S,S,S,S,S,S,S,S,S,S,S,S,S,S,S,S,S,S,S,S,S,S,S,S,S,S,S,S,S,S,S,S,S,S,S,S,S,S,S,S,S,S,S,S,S,S,S,S,S,S,S,S,S,S,S,S,S,S,S,S,S,S,S,S,S,S,S,S,S,S,S,S,S,S,S,S,S,S,S,S,S,S,S,S,S,S,S,S,S,S,S,S,S,S,S,S,S,S,S,S,S,S,S,S,S,S,S,S,S,S,S,S,S,S,S,S,S,S,S,S,S,S,S,S,S,S,S,S,S,S,S,S,S,S,S,S,S,S,S,S,S,S,
23.75,S,S,S,S,S,S,S,,S,S,S,S,S,E,S,,,S,S,S,S,S,S,S,S,S,S,S,S,S,S,S,S,S,S,S,S,S,S,S,S,S,S,S,S,S,S,S,S,S,S,S,S,S,S,,S,S,S,S,S,S,S,S,S,S,S,S,S,S,S,S,S,S,S,S,S,S,S,S,S,S,S,S,S,S,S,S,S,S,S,S,S,S,S,S,S,S,S,S,S,S,S,S,S,S,S,S,S,S,S,S,S,S,S,S,S,S,S,S,S,S,S,S,S,S,S,S,S,S,S,S,S,S,S,S,S,S,S,S,S,S,S,S,S,S,S,S,S,S,S,S,S,S,S,S,S,S,S,S,S,S,S,S,S,S,S,S,S,S,S,S,S,S,S,S,S,S,S,S,S,S,S,S,S,S,S,S,S,S,S,S,S,S,S,S,,S,S,S,S,S,S,S,S,S,S,S,S,S,S,S,S,S,S,S,S,S,S,S,S,S,S,S,S,S,S,S,S,S,S,S,S,S,S,S,S,S,S,S,S,S,S,S,S,S,S,S,S,S,S,S,S,S,S,S,S,S,S,S,S,S,S,S,S,S,S,S,S,S,S,S,S,S,S,S,S,S,S,S,S,S,S,S,S,S,S,S,S,S,S,S,S,S,S,S,S,S,S,S,S,S,S,S,S,S,S,S,S,S,S,S,S,S,S,S,S,S,S,S,S,S,S,S,S,S,S,S,S,S,S,S,S,S,S,S,S,S,S,S,S,S,S,S,S,S,S,S,S,S,S,S,S,S,S,S,S,S,S,S,S,S,S,S,S,S,S,S,S,S,S,S,S,S,S,S,S,S,S,S,S,S,S,S,S,S,S,S,S,S,S,S,S,S,S,S,S,S,S,S,S,S,S,S,S,S,S,S,S,S,S,S,S,S,S,S,S,S,S,S,S,S,S,S,S,S,S,S,S,S,S,S,S,S,S,S,S,S,S,S,S,S,S,S,S,S,S,S,S,S,
